금융회사명,상품명,가입방법,상환 방식,우대조건,가입대상,금리유형,적립유형,저축기간(개월),기본금리(%),최고우대금리(%),금융권,최저 금리(%),대출한도,만기이자
따듯한햇살론뱅크,정보 없음,원리금균등상환방식,정보없음,"<신청대상>
대한민국 국민으로 민법상 성년으로 「서민금융진흥원」의 신용보증서 발급이 가능한 자로 다음 각 1에 해당하는 자로 한다. 다음 가, 나, 다에 해당 여부는 서민금융진흥원의 신용보증서 신청시 확인 가능하다.
가. 소득·신용요건
(1) 연소득 35백만원 이하 : 개인신용평점 무관
(2) 연소득 45백만원 이하 : 개인신용평점<주> 하위 100분의 20에 해당하는 자
<주> 개인신용평점 : KCB, NICE 중 하위누적구성비가 낮은 CB사의 개인신용평점 기준
나. 정책서민금융 성실상환 : 정책서민금융상품<주> 을 6개월 이상 성실하게 상환한 이용자(현재 정상이용 중이거나, 최근 3년 이내 정상완제자)
  '대출실행 후 연체일수가 없는 고객에 대하여 1년 단위로 0.1% 감면 적용
  (대출기간 3년 약정 : 최대감면율 0.2%, 대출기간 5년 약정 : 최대감면율 0.4%)
<주> 미소금융, 근로자햇살론, 사업자햇살론, 햇살론유스, 햇살론15, 햇살론17, 바꿔드림론, 안전망대출, 안정망대출II, 새희망홀씨
다. 부채·신용도 개선 : 부채 또는 신용도가 보증신청일 기준 1년 전 대비 개선 
(1) 부채개선 : 보증신청일 기준 1년 전 대비 신청자가 보유한 전체 부채잔액이 감소
(2) 신용도개선 : 보증신청일 기준 1년 전 대비 KCB 또는 NICE가 평가한 CB평점이 상승
※건강보험료를 납부중인 급여소득자 및 개인사업자에 한하며, 연소득은 전자적인방식을 통한 건강보험료 납부액을 기준으로 산출한다. 단, 신청일 현재 3개월이상 재직(사업영위)중이어야 하며, 재직(사업영위)기간은 건강보험료 자격취득일(사업자등록일)을 기준으로 한다.
<주>전자적인방식 : 스크래핑, 공공 마이데이터 등
<신청대상>
대한민국 국민으로 민법상 성년으로 「서민금융진흥원」의 신용보증서 발급이 가능한 자로 다음 각 1에 해당하는 자로 한다. 다음 가, 나, 다에 해당 여부는 서민금융진흥원의 신용보증서 신청시 확인 가능하다.
가. 소득·신용요건
(1) 연소득 35백만원 이하 : 개인신용평점 무관
(2) 연소득 45백만원 이하 : 개인신용평점<주> 하위 100분의 20에 해당하는 자
<주> 개인신용평점 : KCB, NICE 중 하위누적구성비가 낮은 CB사의 개인신용평점 기준
나. 정책서민금융 성실상환 : 정책서민금융상품<주> 을 6개월 이상 성실하게 상환한 이용자(현재 정상이용 중이거나, 최근 3년 이내 정상완제자)
  '대출실행 후 연체일수가 없는 고객에 대하여 1년 단위로 0.1% 감면 적용
  (대출기간 3년 약정 : 최대감면율 0.2%, 대출기간 5년 약정 : 최대감면율 0.4%)
<주> 미소금융, 근로자햇살론, 사업자햇살론, 햇살론유스, 햇살론15, 햇살론17, 바꿔드림론, 안전망대출, 안정망대출II, 새희망홀씨
다. 부채·신용도 개선 : 부채 또는 신용도가 보증신청일 기준 1년 전 대비 개선 
(1) 부채개선 : 보증신청일 기준 1년 전 대비 신청자가 보유한 전체 부채잔액이 감소
(2) 신용도개선 : 보증신청일 기준 1년 전 대비 KCB 또는 NICE가 평가한 CB평점이 상승
※건강보험료를 납부중인 급여소득자 및 개인사업자에 한하며, 연소득은 전자적인방식을 통한 건강보험료 납부액을 기준으로 산출한다. 단, 신청일 현재 3개월이상 재직(사업영위)중이어야 하며, 재직(사업영위)기간은 건강보험료 자격취득일(사업자등록일)을 기준으로 한다.
<주>전자적인방식 : 스크래핑, 공공 마이데이터 등","변동금리
변동금리",해당없음,해당없음,60,정보 없음,2금융권,7.29, 1500만원,정보 없음,정보 없음
NH 햇살론,영업점,"근로자
자영업자
매월 원금균등분할상환 : 3년, 5년 중 택일 가능
원금균등분할상환",정보 없음,"연간소득 4,500만원이하이며, 다음에 해당하는 자
근로자
자영업자
신용등급 6등급이하 또는 연간소득 3,500만원 이하의 3개월 이상 재직중인 근로자
신용등급 6등급이하 또는 연간소득 3,500만원 이하의 자영업자(농림어업인 포함)
연간소득 4,500만원이하이며, 다음에 해당하는 자
 근로자
신용등급 6등급이하 또는 연간소득 3,500만원 이하의 3개월 이상 재직중인 근로자
  자영업자
신용등급 6등급이하 또는 연간소득 3,500만원 이하의 자영업자(농림어업인 포함)",정보 없음,해당없음,정보 없음,7.62,정보 없음,2금융권,7.62,,정보 없음,정보 없음
햇살론,"인터넷, 모바일, 자체앱, 인터넷, 모바일, 자체앱",원금균등분할상환,"최대 1.5%, 최대 1.5%","직장인 (4대보험 미가입자 포함) / CB사 하위 80% 해당고객
직장인 (4대보험 미가입자 포함) / CB사 하위 80% 해당고객","1년 변동금리
1년 변동금리",해당없음,해당없음,60,1.5,2금융권,8.26,,정보 없음,정보 없음
근로자햇살론,"온라인/오프라인, 온라인/오프라인",매월 원금균등분할,정보 없음,"연소득 3,500만원 이하, 또는 연소득 4,500만원 이하이면서 
개인신용평점 하위 20%이하의 최근 1년 내 3개월 이상 
재직 및 현직장 1개월 이상 근무중인 근로자 (4대보험미가입자/프리랜서 제외)
연소득 3,500만원 이하, 또는 연소득 4,500만원 이하이면서 
개인신용평점 하위 20%이하의 최근 1년 내 3개월 이상 
재직 및 현직장 1개월 이상 근무중인 근로자 (4대보험미가입자/프리랜서 제외)","변동금리(12개월 단위 변동)
변동금리(12개월 단위 변동)",해당없음,해당없음,60,정보 없음,2금융권,8.97,,정보 없음,정보 없음
온라인햇살론,"온라인, 온라인",매월 원금균등분할,정보 없음,"연소득 3,500만원 이하, 또는 연소득 4,500만원 이하이면서 
개인신용평점 하위 20%이하의 최근 1년 내 3개월 이상 
재직 및 현직장 1개월 이상 근무중인 근로자 (4대보험미가입자/프리랜서 제외)
연소득 3,500만원 이하, 또는 연소득 4,500만원 이하이면서 
개인신용평점 하위 20%이하의 최근 1년 내 3개월 이상 
재직 및 현직장 1개월 이상 근무중인 근로자 (4대보험미가입자/프리랜서 제외)","변동금리(12개월 단위 변동)
변동금리(12개월 단위 변동)",해당없음,해당없음,60,정보 없음,2금융권,8.97,,정보 없음,정보 없음
햇살론,"모바일웹, 모바일 앱, PC웹, 모바일웹, 모바일 앱, PC웹",원금균등분할상환,정보 없음,"•대출 신청일 현재 최근 1년이내 3개월이상 재직·소득 확인시(농축임어업인추가)이 가능한 만19세 이상 근로자 
다만, 근로소득자는 현 직장 1개월 이상 근로 및 급여수령 필수
•연소득 3,500만원 이하
•연소득 3,500만원 초과 ~ 연소득 4,500만원 이하
•현재 1개 이상의 「신용정보의 이용 및 보호에 관한 법률(이하 ‘신용정보법’)」제2조제5호가목에 따른 개인신용평가회사(「신용정보법」제5조제1항에 따른 전문개인신용평가업을 영위하는 회사는 제외한다. 이와 같다.)가 산정한 개인신용평점이 하위 100분의 20에 해당되는 자
•나이스 신용평점 355점 이상
•제외대상: 부도, 금융채무 불이행자, 파산절차 진행중인 자, 개인회생 및 보증사고 관련자 등 연소득 4500만원 초과 근로자
•대출 신청일 현재 최근 1년이내 3개월이상 재직·소득 확인시(농축임어업인추가)이 가능한 만19세 이상 근로자 
다만, 근로소득자는 현 직장 1개월 이상 근로 및 급여수령 필수
•연소득 3,500만원 이하
•연소득 3,500만원 초과 ~ 연소득 4,500만원 이하
•현재 1개 이상의 「신용정보의 이용 및 보호에 관한 법률(이하 ‘신용정보법’)」제2조제5호가목에 따른 개인신용평가회사(「신용정보법」제5조제1항에 따른 전문개인신용평가업을 영위하는 회사는 제외한다. 이와 같다.)가 산정한 개인신용평점이 하위 100분의 20에 해당되는 자
•나이스 신용평점 355점 이상
•제외대상: 부도, 금융채무 불이행자, 파산절차 진행중인 자, 개인회생 및 보증사고 관련자 등 연소득 4500만원 초과 근로자","변동금리
변동금리",해당없음,해당없음,60,정보 없음,2금융권,8.99,,정보 없음,정보 없음
햇살론,"모바일, 모바일",원금균등상환방식,정보 없음,"개인신용평점 하위 100분의 20이하(연간소득 4,500만원 이하) 또는 연간소득 3,500만원 이하의 3개월이상 재직중인 근로자
개인신용평점 하위 100분의 20이하(연간소득 4,500만원 이하) 또는 연간소득 3,500만원 이하의 3개월이상 재직중인 근로자","변동금리 (3,6,12개월 단위 선택 가능)
변동금리 (3,6,12개월 단위 선택 가능)",해당없음,해당없음,60,정보 없음,2금융권,9.01,,정보 없음,정보 없음
NH온라인햇살론,정보 없음,원금균등분할상환,정보 없음,정보 없음,정보 없음,해당없음,정보 없음,9.36,정보 없음,2금융권,9.36,,정보 없음,정보 없음
햇살론(생계자금),"모바일,인터넷,영업점",정보 없음,정보 없음,"소득증빙이 가능한 만 19세 이상 내국인, 3개월 이상 계속 근로중인 근로자
연소득 4,500만원 이하이면서 1개사 이상의 CSS 개인신용평점이 하위 20/100인 고객
(단, 연소득이 3,500만원 이하인 경우 신용도와 무관하게 가능)
소득증빙이 가능한 만 19세 이상 내국인, 3개월 이상 계속 근로중인 근로자
 연소득 4,500만원 이하이면서 1개사 이상의 CSS 개인신용평점이 하위 20/100인 고객
(단, 연소득이 3,500만원 이하인 경우 신용도와 무관하게 가능)","변동금리
변동금리",해당없음,정보 없음,9.42,정보 없음,2금융권,9.42,,정보 없음,정보 없음
온라인햇살론(간편대출),정보 없음,원금균등상환방식,정보 없음,"• 3개월 이상 재직 중이며 소득증빙이 가능한 만 19세 이상의 직장인
• 연소득 4,500만원이하이면서 개인신용평점이 하위 100분의 20에 해당하는 자
* 단, 연소득 3,500만원이하인 경우 NICE신용평점과 무관하게 가능
• 서민금융진흥원 금융교육을 이수한 자(서민금융진흥원 재무진단 평가모형 4등급이하에 해당하는 자)
• 본인명의 부동산 미소유자
• 본인명의의 공동인증서, 휴대전화 보유자
• 3개월 이상 재직 중이며 소득증빙이 가능한 만 19세 이상의 직장인
• 연소득 4,500만원이하이면서 개인신용평점이 하위 100분의 20에 해당하는 자
* 단, 연소득 3,500만원이하인 경우 NICE신용평점과 무관하게 가능
• 서민금융진흥원 금융교육을 이수한 자(서민금융진흥원 재무진단 평가모형 4등급이하에 해당하는 자)
• 본인명의 부동산 미소유자
• 본인명의의 공동인증서, 휴대전화 보유자","12개월 변동금리
12개월 변동금리",해당없음,해당없음,60,정보 없음,2금융권,9.45,,정보 없음,정보 없음
우리WON햇살론,"App, App",원금균등 분할상환(매달 일정한 원금 및 잔액대비 이자납입),정보 없음,"3개월 이상 계속 근로중인 근로자
서민금융진흥원의 보증서 발급이 가능한 고객
연소득 4,500만원 이하이면서 1개사 이상의 CSS 개인신용평점이 하위 20/100*인 고객
(단, 연소득이 3,500만원 이하인 경우 신용도와 무관하게 가능)
*(2025년기준 NICE 749점,KCB 700점이하)
3개월 이상 계속 근로중인 근로자
서민금융진흥원의 보증서 발급이 가능한 고객
연소득 4,500만원 이하이면서 1개사 이상의 CSS 개인신용평점이 하위 20/100*인 고객
(단, 연소득이 3,500만원 이하인 경우 신용도와 무관하게 가능)
*(2025년기준 NICE 749점,KCB 700점이하)","변동금리
변동금리",해당없음,해당없음,60,정보 없음,2금융권,9.47,,정보 없음,정보 없음
햇살론/온라인햇살론,정보 없음,원금균등분할상환,정보 없음,"· 연소득 3,500만원 이하인 저소득자 이거나 연소득 4,500만원 이하이면서 1개사 이상의 개인신용평가사가 산정한 개인신용평점 하위 100분의 20에 해당하는 자 (3개월 이상 근로자)
※ ‘25년 기준 NICE 749점, KCB 700점 이하
온라인햇살론 대상자 : 햇살론 직장이 대상자 중 
① 현 직장 최근 건강보험료 3개월 이상 정상 납부
② 공동인증서, 본인명의 휴대폰 보유
※ 온라인햇살론을 신청할 경우 기존 햇살론 대비 금리가 0.5%p 인하됩니다.
· 연소득 3,500만원 이하인 저소득자 이거나 연소득 4,500만원 이하이면서 1개사 이상의 개인신용평가사가 산정한 개인신용평점 하위 100분의 20에 해당하는 자 (3개월 이상 근로자)
※ ‘25년 기준 NICE 749점, KCB 700점 이하
온라인햇살론 대상자 : 햇살론 직장이 대상자 중 
① 현 직장 최근 건강보험료 3개월 이상 정상 납부
② 공동인증서, 본인명의 휴대폰 보유
※ 온라인햇살론을 신청할 경우 기존 햇살론 대비 금리가 0.5%p 인하됩니다.","변동금리
변동금리",해당없음,해당없음,60,정보 없음,2금융권,9.51,,정보 없음,정보 없음
온라인햇살론,정보 없음,• 원금균등분할상환,정보 없음,"• 3개월 이상 계속 근로중인 근로자
• 연소득 4,500만원 이하이면서 1개사 이상의 CSS개인신용평점이 하위 20/100인 고객
  (단, 연소득이 3,500만원 이하인 경우 신용도와 무관하게 가능)
• 소득증빙이 가능한 19세 이상 내국인
• 3개월 이상 계속 근로중인 근로자
• 연소득 4,500만원 이하이면서 1개사 이상의 CSS개인신용평점이 하위 20/100인 고객
  (단, 연소득이 3,500만원 이하인 경우 신용도와 무관하게 가능)
• 소득증빙이 가능한 19세 이상 내국인","• 변동금리 (3,6,12개월 단위 선택 가능) 적용 (2024년 2월 1일 기준)
• 변동금리 (3,6,12개월 단위 선택 가능) 적용 (2024년 2월 1일 기준)",해당없음,해당없음,60,정보 없음,2금융권,9.63,,정보 없음,정보 없음
햇살론,정보 없음,원금균등분할상환,"없음, 없음","- 소득증빙이 가능한 만 19세 이상의 내국인
- 3개월 이상 계속 근로중인 급여소득자
- 연 소득 4,500만원 이하 & 신용평점 하위 20%
 또는 연 소득 3,500만원 이하
- 소득증빙이 가능한 만 19세 이상의 내국인
- 3개월 이상 계속 근로중인 급여소득자
- 연 소득 4,500만원 이하 & 신용평점 하위 20%
 또는 연 소득 3,500만원 이하",정보 없음,해당없음,해당없음,60,정보 없음,2금융권,9.76,,정보 없음,정보 없음
햇살론,"온라인 및 앱, 온라인 및 앱",원금균등분할상환,"온라인햇살론 신청 시 기존 햇살론 대비 금리 0.5%p 인하, 온라인햇살론 신청 시 기존 햇살론 대비 금리 0.5%p 인하","근로소득자
* 최근 1년이내 3개월 이상 재직한 근로자로서 햇살론 자격기준 부합자 
* 연소득 3천5백만원 이하인 근로소득자(개인신용평점 무관)
* 연소득 4천5백만원 이하인 근로소득자(개인신용평점구간 하위 20%)
* 현 직장 최근 건강보험료 3개월 이상 정상납부
* 공동인증서, 본인명의 휴대폰 보유
근로소득자
* 최근 1년이내 3개월 이상 재직한 근로자로서 햇살론 자격기준 부합자 
* 연소득 3천5백만원 이하인 근로소득자(개인신용평점 무관)
* 연소득 4천5백만원 이하인 근로소득자(개인신용평점구간 하위 20%)
* 현 직장 최근 건강보험료 3개월 이상 정상납부
* 공동인증서, 본인명의 휴대폰 보유","변동금리
변동금리",해당없음,해당없음,60,0.5,2금융권,10.26,,정보 없음,정보 없음
직장인 햇살론,"모바일 WEB 신청, 모바일 WEB 신청",원금균등분할상환,"해당사항없음, 해당사항없음","연간소득 4,500만원 이하의 3개월 이상 재직중인 근로자
1개사 이상의 CSS 개인신용평점 하위 20/100
연간소득 4,500만원 이하의 3개월 이상 재직중인 근로자
1개사 이상의 CSS 개인신용평점 하위 20/100","생계자금: 변동금리(대출약정 기간 내에 기준금리가 변경될 경우 당해 대출금리가 변동되는 금리)
생계자금: 변동금리(대출약정 기간 내에 기준금리가 변경될 경우 당해 대출금리가 변동되는 금리)",해당없음,해당없음,60,정보 없음,2금융권,10.26,,정보 없음,정보 없음
근로자햇살론,"모바일,인터넷,영업점","원금균등분할 : 36개월, 60개월",정보 없음,"직장인(3개월 이상 재직/ 근로소득 연 4,500만원 이하&개인신용평점이 하위 100분의 20에 해당/ 근로소득 연 3,500만원 이하)
직장인(3개월 이상 재직/ 근로소득 연 4,500만원 이하&개인신용평점이 하위 100분의 20에 해당/ 근로소득 연 3,500만원 이하)",정보 없음,해당없음,정보 없음,10.41,정보 없음,2금융권,10.41,,정보 없음,정보 없음
KJB햇살론뱅크,정보 없음,"원리금균등분할상환
▷ 거치기간 : 대출기간 이내에서 1년 부여 가능(1년만 가능, 3개월 6개월 등 불가)
※ 대출기간 가능 CASE : 3년 분할, 1년 거치+2년 분할, 5년 분할, 1년 거치 4년 분할",정보 없음,"서민금융진흥원 보증서 발급이 가능한 고객
서민금융진흥원 보증서 발급이 가능한 고객","MOR 고정형
MOR 고정형",해당없음,해당없음,60,정보 없음,2금융권,10.42,,정보 없음,정보 없음
햇살론,영업점,"원금균등분할상환 : 36개월, 60개월",정보 없음,"소득증빙이 가능한 만 19세 이상 고객
3개월 이상 재직 또는 영업 중인 개인사업자
연 소득 3,500만원 이하
연 소득 4,500만원 이하이며 개인신용평점 하위 100분의 20에 해당되는 자
소득증빙이 가능한 만 19세 이상 고객
3개월 이상 재직 또는 영업 중인 개인사업자
연 소득 3,500만원 이하
연 소득 4,500만원 이하이며 개인신용평점 하위 100분의 20에 해당되는 자","근로자 : 생계자금 1년 변동금리
자영업자 : 1년 변동금리, 대환자금 고정금리
근로자 : 생계자금 1년 변동금리
 자영업자 : 1년 변동금리, 대환자금 고정금리",해당없음,정보 없음,10.47,정보 없음,2금융권,10.47,,정보 없음,정보 없음
햇살론(근로자),"모바일,인터넷","원금균등분할상환 : 36개월, 60개월",정보 없음,"최근 1년이내 3개월 이상 재직한 근로자로서 햇살론 자격기준 부합자(단, 현직장 1개월이상 근로 및 소득증빙 가능한 자)
연소득 3,500만원 이하인 근로소득자(개인신용평점 무관)
연소득 4,500만원 이하인 근로소득자(개인신용평점구간 하위 20%)
최근 1년이내 3개월 이상 재직한 근로자로서 햇살론 자격기준 부합자(단, 현직장 1개월이상 근로 및 소득증빙 가능한 자)
연소득 3,500만원 이하인 근로소득자(개인신용평점 무관)
연소득 4,500만원 이하인 근로소득자(개인신용평점구간 하위 20%)","변동금리
변동금리",해당없음,정보 없음,10.66,정보 없음,2금융권,10.66,,정보 없음,정보 없음
햇살론뱅크,영업점,"원리금균등분할상환
- 원리금균등분할상환 : 원금과 이자를 합해 매월 동일한 금액으로 갚아가는 방식",정보 없음,"다음의 조건을 모두 충족하는 개인사업자 고객
- 서민금융진흥원 신용보증서 발급이 가능한 고객
- 정책서민금융상품을 6개월 이상 성실하게 상환한 이용자(현재 정상이용중이거나, 최근 3년 이내 정상완제자)
 ※ 정책서민금융상품 : 새희망홀씨, 햇살론15, 햇살론17, 햇살론Youth, 안전망대출, 안전망대출 Ⅱ, 바꿔드림론, 미소금융, 근로자햇살론, 사업자햇살론
- 당행 신용등급(결합) : 6-등급 이상인 고객
재직조건
- 급여소득자 : 재직기간 3개월 이상
- 사업소득자 : 사업영위기간 3개월 이상
- 연금소득자 : 연금수령 1회 이상(공적연금)
소득조건
- 연소득 3천5백만원 이하 또는 개인신용평점 하위 20%이면서 연소득 4천5백만원 이하
다음의 조건을 모두 충족하는 개인사업자 고객
- 서민금융진흥원 신용보증서 발급이 가능한 고객
- 정책서민금융상품을 6개월 이상 성실하게 상환한 이용자(현재 정상이용중이거나, 최근 3년 이내 정상완제자)
 ※ 정책서민금융상품 : 새희망홀씨, 햇살론15, 햇살론17, 햇살론Youth, 안전망대출, 안전망대출 Ⅱ, 바꿔드림론, 미소금융, 근로자햇살론, 사업자햇살론
- 당행 신용등급(결합) : 6-등급 이상인 고객
재직조건
- 급여소득자 : 재직기간 3개월 이상
- 사업소득자 : 사업영위기간 3개월 이상
- 연금소득자 : 연금수령 1회 이상(공적연금)
소득조건
- 연소득 3천5백만원 이하 또는 개인신용평점 하위 20%이면서 연소득 4천5백만원 이하",정보 없음,해당없음,해당없음,60,정보 없음,2금융권,11.52,,정보 없음,정보 없음
부산은행,ONE신용대출-소액대출,"모바일,영업점","원금균등, 원리금균등 상환방식대출 : 1년 초과 ~ 5년 이내
※ 65세이상의 경우 대출만기는 3년으로 제한","최대 4%, 1. 신용평점에 따라 최대 연 3.50%, 2. 부산은행 내부등급에 따라 최대 연 0.50%, 최대 4%,  1. 신용평점에 따라 최대 연 3.50%,  2. 부산은행 내부등급에 따라 최대 연 0.50%","공통
급여소득자 : 3개월 이상
개인사업자 : 3개월 이상
연금소득자 : 연금 1회 이상 수령
연소득 1,200만원
KCB 625점 이상 & NICE 675점 이상
공적연금(국민연금, 공무원연금, 군인연금, 사학연금)만 가능하며, 기초연금은 불가.
단, 비대면 채널은 국민연금 限
공통
연소득 1,200만원
KCB 625점 이상 & NICE 675점 이상
 급여소득자 : 3개월 이상
 개인사업자 : 3개월 이상

연금소득자 : 연금 1회 이상 수령
공적연금(국민연금, 공무원연금, 군인연금, 사학연금)만 가능하며, 기초연금은 불가.
단, 비대면 채널은 국민연금 限","변동금리 : 신규취급액기준(COFIX)
변동금리 : 신규취급액기준(COFIX)",해당없음,정보 없음,6.9,4.0,2금융권,6.9,정보 없음,정보 없음
SC제일은행,모바일소액대출,모바일,"원리금균등분할상환 : 1년 ~ 3년 (연단위)
소득/재직 확인(국민건강보험공단) : 최대 3년
추정소득 : 최대 2년",정보 없음,"금융권 주택담보대출 또는 신용카드를 보유한 고객중 SC제일은행 신용평가시스템(은행내부신용등급 1~9등급)에 의하여 자동승인을 받은고객
NICE 신용평가정보㈜의 신용평점(CB평점)이 601점 이상인 고객(단, CB평점에 따라 대출한 도 및 적용금리가 달라질 수 있음)
소득/재직 확인(국민건강보험공단) : 만 20세 이상 (금융거래기간 1년 이상자)
추정소득(신용평가사) : 만 24세 이상
금융권 주택담보대출 또는 신용카드를 보유한 고객중 SC제일은행 신용평가시스템(은행내부신용등급 1~9등급)에 의하여 자동승인을 받은고객
 NICE 신용평가정보㈜의 신용평점(CB평점)이 601점 이상인 고객(단, CB평점에 따라 대출한 도 및 적용금리가 달라질 수 있음)
 소득/재직 확인(국민건강보험공단) : 만 20세 이상 (금융거래기간 1년 이상자)
 추정소득(신용평가사) : 만 24세 이상","변동금리
변동금리",해당없음,정보 없음,10.85,정보 없음,2금융권,10.85,정보 없음,정보 없음
iM뱅크,쓰담쓰담 간편대출,"앱 신청 및 실행, 앱 신청 및 실행",매월 원금균등분할상환,정보 없음,"직업에 관계없이 만 20세 이상인 대한민국 국민
직업에 관계없이 만 20세 이상인 대한민국 국민","금융채연동기준금리 (3개월)
금융채연동기준금리 (3개월)",해당없음,36,12.44,정보 없음,2금융권,12.44,정보 없음,정보 없음
iM뱅크,핀크비상금대출,모바일,만기일시상환 또는 통장대출 방식 : 1년(최장 10년까지 기한연장 가능),정보 없음,"대한민국 국민으로서 국내에 거주하고 있는 만 20세 이상 성인
DGBiM뱅크 대출심사 통과 고객 (자동심사)
제외대상 : 미성년자, 재외국민, 외국인, 해외체류자 등
대한민국 국민으로서 국내에 거주하고 있는 만 20세 이상 성인
 DGBiM뱅크 대출심사 통과 고객 (자동심사)
 제외대상 : 미성년자, 재외국민, 외국인, 해외체류자 등","변동금리
변동금리",해당없음,정보 없음,12.48,정보 없음,2금융권,12.48,정보 없음,정보 없음
신한카드,원스탑 대환대출,정보 없음,원리금균등상환,정보 없음,"신한 신용카드 보유회원 또는 비회원
만 19세 이상 개인(개인사업자, 외국인 제외)
신한 신용카드 보유회원 또는 비회원
만 19세 이상 개인(개인사업자, 외국인 제외)","고정금리
고정금리",해당없음,정보 없음,13.05,정보 없음,2금융권,13.05,정보 없음,정보 없음
신한카드,장기카드대출,정보 없음,거치 + 원리금균등상환,정보 없음,정보 없음,"고정금리
고정금리",해당없음,정보 없음,13.2,정보 없음,2금융권,13.2,정보 없음,정보 없음
신한카드,가계신용대출,정보 없음,원리금균등상환 / 거치 + 원리금균등상환(일부 고객에 한함),정보 없음,정보 없음,"고정금리
고정금리",해당없음,36,14.08,정보 없음,2금융권,14.08,정보 없음,정보 없음
스마트저축은행,비상금대출,"APP을 통한 대출신청 및 전자약정, APP을 통한 대출신청 및 전자약정",만기일시상환,"없음, 없음","ㆍ만19세 이상 내국인 (단, 만 남31세, 여29세 이하는 소득증빙 필수)
ㆍNICE 신용평점 601점 이상인 내부 심사 기준 통과자
ㆍ만19세 이상 내국인 (단, 만 남31세, 여29세 이하는 소득증빙 필수)
ㆍNICE 신용평점 601점 이상인 내부 심사 기준 통과자","고정 금리
고정 금리",해당없음,60,14.35,정보 없음,2금융권,14.35,정보 없음,정보 없음
다올저축은행,Fi 비상금 자동대출,"모바일 앱, 모바일 앱","만기일시상환, 원리금균등분할상환",정보 없음,"만32세 이상 소득 있는 모든 고객(신용점수(NICE기준) 560점 이상인 자)
만32세 이상 소득 있는 모든 고객(신용점수(NICE기준) 560점 이상인 자)","고정금리
고정금리",해당없음,60,17.0,정보 없음,2금융권,17.0,정보 없음,정보 없음
스마트저축은행,Smart-I 비상금 자동대출,"스마트폰, 스마트폰",만기일시상환,정보 없음,"만 19세 이상(단, 만 남31세, 여29세 이하는 소득증빙 필수)
(NICE신용평점 601점 이상인 내부 심사 기준 통과자)
만 19세 이상(단, 만 남31세, 여29세 이하는 소득증빙 필수)
(NICE신용평점 601점 이상인 내부 심사 기준 통과자)",정보 없음,해당없음,60,18.03,정보 없음,2금융권,18.03,정보 없음,정보 없음
다올저축은행,Fi비상금,"모바일,인터넷,영업점","원리금균등분할, 만기일시상환 : 최장 60개월",정보 없음,"만 32세 이상 소득있는 모든 고객
신용점수[NICE기준] 560점 이상
만 32세 이상 소득있는 모든 고객
 신용점수[NICE기준] 560점 이상","고정금리
고정금리",해당없음,정보 없음,18.19,정보 없음,2금융권,18.19,정보 없음,정보 없음
OK저축은행,비상금OK론,"모바일,인터넷","원리금균등, 원금균등, 만기일시상환",정보 없음,"추정소득 확인이 가능한 만 29세이상(군필자 만31세이상) 직장인 / 신용점수[NICE]351점 이상
금융소비자의 자격요건으로 연체대출금 보유자, 불건전 대출이 있는자 등은 대출 취급이 제한될 수 있습니다.
추정소득 확인이 가능한 만 29세이상(군필자 만31세이상) 직장인 / 신용점수[NICE]351점 이상
금융소비자의 자격요건으로 연체대출금 보유자, 불건전 대출이 있는자 등은 대출 취급이 제한될 수 있습니다.",정보 없음,해당없음,정보 없음,18.2,정보 없음,2금융권,18.2,정보 없음,정보 없음
KB저축은행,kiwi여성비상금대출,"모바일,인터넷",마이너스상환/만기일시상환,정보 없음,"직업/소득에 관계없이 당사 개인신용평가 심사기준을 충족한 여성고객
KCB 개인신용평점 475점 이상인 고객
직업/소득에 관계없이 당사 개인신용평가 심사기준을 충족한 여성고객
KCB 개인신용평점 475점 이상인 고객",정보 없음,해당없음,60,18.87,정보 없음,2금융권,18.87,정보 없음,정보 없음
KB저축은행,kiwi비상금대출,"모바일,인터넷",마이너스상환/만기일시상환 : 1년 (최장 5년까지 연장가능),정보 없음,"직업/소득에 관계없이 kb저축은행 개인신용평가 심사기준 충족고객
KCB 개인신용평점 475점 이상인 고객
직업/소득에 관계없이 kb저축은행 개인신용평가 심사기준 충족고객
 KCB 개인신용평점 475점 이상인 고객",정보 없음,해당없음,정보 없음,19.17,정보 없음,2금융권,19.17,정보 없음,정보 없음
SBI저축은행,SBI스피드대출(추가),정보 없음,원리금균등분할상환,"없음, 없음","만 20세 이상 내국인
CB사 소득에 의해 대출한도가 산정되는 고객
신용점수[NICE 기준] 450점 이상
만 20세 이상 내국인
CB사 소득에 의해 대출한도가 산정되는 고객
신용점수[NICE 기준] 450점 이상","고정금리
고정금리",해당없음,36,19.9,정보 없음,2금융권,19.9,정보 없음,정보 없음
경남은행,경남새희망홀씨대출II,영업점,"근로소득자
개인사업자
기타 소득자
연금소득자
일시상환식 : 1년 이내
할부상환식 : 1년 초과 ~ 5년 이내
근로소득자
일시상환식 : 1년 이내
할부상환식 : 1년 초과 ~ 5년 이내
 개인사업자
할부상환식 : 1년 초과 ~ 5년 이내
 기타 소득자","감면우대금리, ※ 거래실적감면은 대출취급일이 속한 달의 다음달부터 매 3개월 단위로 확인하여 금리감면 조건이 유지 또는 이행되지 않는 경우에는 매 3개월 다음달 13일에 감면받는 금리가 자동 조정됩니다.(대출거래약정서 및 추가약정서(우대금리)등 참고), 우대금리 적용에 따른 감면 : 최대 1.5%p, 거래실적에 의한 우대 : 최대 0.3%p, ① 급여이체계좌 또는 가맹점 결제계좌 경남은행 지정 : 0.2%p, ② 생활요금 자동이체 건당 0.05%p : 최대 0.1%p, 취약계층에 대한 금리 우대 : 1.0%p, 취약계층: 기초생활수급권자, 한부모•다자녀•다문화가정, 만60세 이상 부 또는 모 부양자, 장애인, 조손가정, 고령자(만 65세 이상), 청년층(만 29세 이하), 금융교육 이수자 : 0.2%p, 공신력 있는 금융교육기관(신용회복위원회, 한국금융연수원, 서민금융진흥원 등)에서 금융교육을 이수한 경우, 한시적 우대지원 : 0.5%p, 거래실적에 의한 우대 : 최대 0.3%p, ① 급여이체계좌 또는 가맹점 결제계좌 경남은행 지정 : 0.2%p, ② 생활요금 자동이체 건당 0.05%p : 최대 0.1%p, ① 급여이체계좌 또는 가맹점 결제계좌 경남은행 지정 : 0.2%p, ② 생활요금 자동이체 건당 0.05%p : 최대 0.1%p, 취약계층에 대한 금리 우대 : 1.0%p, 취약계층: 기초생활수급권자, 한부모•다자녀•다문화가정, 만60세 이상 부 또는 모 부양자, 장애인, 조손가정, 고령자(만 65세 이상), 청년층(만 29세 이하), 취약계층: 기초생활수급권자, 한부모•다자녀•다문화가정, 만60세 이상 부 또는 모 부양자, 장애인, 조손가정, 고령자(만 65세 이상), 청년층(만 29세 이하), 금융교육 이수자 : 0.2%p, 공신력 있는 금융교육기관(신용회복위원회, 한국금융연수원, 서민금융진흥원 등)에서 금융교육을 이수한 경우, 공신력 있는 금융교육기관(신용회복위원회, 한국금융연수원, 서민금융진흥원 등)에서 금융교육을 이수한 경우, 한시적 우대지원 : 0.5%p, 성실상환자에 대한 감면 : 약정기간 내 최대 2.0%p 이내, 일시상환식을 거치기간이 없는 할부상환식으로 전환하는 경우 : 1.0%p 이내, 감면우대금리, 우대금리 적용에 따른 감면 : 최대 1.5%p, 거래실적에 의한 우대 : 최대 0.3%p, ① 급여이체계좌 또는 가맹점 결제계좌 경남은행 지정 : 0.2%p, ② 생활요금 자동이체 건당 0.05%p : 최대 0.1%p, 취약계층에 대한 금리 우대 : 1.0%p, 취약계층: 기초생활수급권자, 한부모•다자녀•다문화가정, 만60세 이상 부 또는 모 부양자, 장애인, 조손가정, 고령자(만 65세 이상), 청년층(만 29세 이하), 금융교육 이수자 : 0.2%p, 공신력 있는 금융교육기관(신용회복위원회, 한국금융연수원, 서민금융진흥원 등)에서 금융교육을 이수한 경우, 한시적 우대지원 : 0.5%p,  성실상환자에 대한 감면 : 약정기간 내 최대 2.0%p 이내,  일시상환식을 거치기간이 없는 할부상환식으로 전환하는 경우 : 1.0%p 이내,  ※ 거래실적감면은 대출취급일이 속한 달의 다음달부터 매 3개월 단위로 확인하여 금리감면 조건이 유지 또는 이행되지 않는 경우에는 매 3개월 다음달 13일에 감면받는 금리가 자동 조정됩니다.(대출거래약정서 및 추가약정서(우대금리)등 참고)","3개월 이상 재직중인 근로소득자, 기타소득자, 개인사업 및 연금을 1회 이상 수령한 연금소득자
CB평점에 상관없이 연소득 3,500만원 이하인 경우
CB평점이 하위 100분의 20에 해당하는 경우로서 연소득 3,500만원초과 4,500만원이하로서 CB평점이 하위 100분의 20에 해당하는 경우(NCB, KCB평점정보 중 하나라도 100분의 20에 해당하는 경우)
3개월 이상 재직중인 근로소득자, 기타소득자, 개인사업 및 연금을 1회 이상 수령한 연금소득자
CB평점에 상관없이 연소득 3,500만원 이하인 경우
CB평점이 하위 100분의 20에 해당하는 경우로서 연소득 3,500만원초과 4,500만원이하로서 CB평점이 하위 100분의 20에 해당하는 경우(NCB, KCB평점정보 중 하나라도 100분의 20에 해당하는 경우)","기준금리 : 금융채(12개월 변동)
기준금리 : 금융채(12개월 변동)",해당없음,정보 없음,5.59,3.0,2금융권,5.59,정보 없음,정보 없음
기업은행,IBK새희망홀씨II,영업점,"거치기간 없는 매월 원(리)금균등분할상환
단, 만기가 5년을 초과하는 대출은 원금균등분할상환방식만 가능
최대 15년 이내
단, 긴급생계자금의 경우 최대 5년 이내","매 1년마다 성실상환 시(연체 없이) 0.3% 자동 금리감면 적용, 금융취약계층에 대한 우대금리 : 연 최고 1.4%, 매 1년마다 성실상환 시(연체 없이) 0.3% 자동 금리감면 적용, 금융취약계층에 대한 우대금리 : 연 최고 1.4%","연소득 4,500만원 이내로 다음에 각 1에 해당하는 고객
개인신용평점 기준을 충족하더라도 은행 내부 신용등급 등 기준에 충족하지 못할 경우 상품가입이 제한될 수 있습니다.
대출 제외 대상
① ""연소득 3,500만원 이하""인 고객(개인신용평점(CB점수) 제한없음)
② ""연소득 3,500만원 초과 ~ 4,500만원 이하""로서 개인신용평점(CB점수) 하위 20% 이하(0점 포함)인 고객
③ 사업자등록증 미보유자로서 현장방문을 통해 생계형 업종임이 확인된 고객(이하 '생계형')
⇒ ① 또는 ② 조건 충족
⇒ ① 또는 ② 조건 충족
④ IBK기업은행 거래 상시근로자 10인 미만 소기업에 1년 이상 재직중인 근로자(이하 '소기업 근로자')
⇒ ① 또는 ② 조건 충족
⇒ ① 또는 ② 조건 충족
은행연합회 신용정보 전산망에 연체(3개월 이상 등), 부도, 대위변제, 금융질서 문란정보 및 공공정보(조세, 과태료, 고용보험료 등 체납, 신용회복지원정보(회생, 파산, 면책)가 등재된 자
대출신청일 현재 기업은행 대출금 또는 신용카드 연체 중인 자
재외국민, 외국인, 해외체류자
연소득 4,500만원 이내로 다음에 각 1에 해당하는 고객
① ""연소득 3,500만원 이하""인 고객(개인신용평점(CB점수) 제한없음)
② ""연소득 3,500만원 초과 ~ 4,500만원 이하""로서 개인신용평점(CB점수) 하위 20% 이하(0점 포함)인 고객
③ 사업자등록증 미보유자로서 현장방문을 통해 생계형 업종임이 확인된 고객(이하 '생계형')
⇒ ① 또는 ② 조건 충족
④ IBK기업은행 거래 상시근로자 10인 미만 소기업에 1년 이상 재직중인 근로자(이하 '소기업 근로자')
⇒ ① 또는 ② 조건 충족
 개인신용평점 기준을 충족하더라도 은행 내부 신용등급 등 기준에 충족하지 못할 경우 상품가입이 제한될 수 있습니다.
 대출 제외 대상
은행연합회 신용정보 전산망에 연체(3개월 이상 등), 부도, 대위변제, 금융질서 문란정보 및 공공정보(조세, 과태료, 고용보험료 등 체납, 신용회복지원정보(회생, 파산, 면책)가 등재된 자
대출신청일 현재 기업은행 대출금 또는 신용카드 연체 중인 자
재외국민, 외국인, 해외체류자","고정금리, 변동금리(3개월)
고정금리, 변동금리(3개월)",해당없음,정보 없음,6.1,1.0,2금융권,6.1,정보 없음,정보 없음
신한은행,쏠편한 포켓론 (소액 새희망 홀씨),모바일,"만기일시상환: 1년
원금균등분할상환: 1년 또는 2년","최대 1.0%, 급여이체(일정금액 거래시) 0.5%, 신한카드(신용 또는 체크) 0.5%, 최대 1.0%,  급여이체(일정금액 거래시) 0.5%,  신한카드(신용 또는 체크) 0.5%","연소득 3,500만원 이하 개인(내국인)
신한은행 심사기준을 충족하는 고객
연소득 3,500만원 이하 개인(내국인)
 신한은행 심사기준을 충족하는 고객","변동금리 : 금융채 (1년)
변동금리 : 금융채 (1년)",해당없음,정보 없음,6.76,1.0,2금융권,6.76,정보 없음,정보 없음
신한은행,신한 새희망홀씨II,영업점,"만기일시상환 : 12개월(최장 20년까지 1년 이내 단위로 연장 가능)
원(리)금분할상환 : 12개월 이상 60개월까지(거치기간은 약정기간의 1/3범위내에서 최대 1년까지 가능)","우대플랜1 최대 2.5%, 우대플랜2 : 성실상환자에 대한 금리 감면, 1) 기초생활수급자, 한부모가정, 다자녀가정(1가구 만20세 미만 3자녀 이상), 다문화가정, 만 60세이상 부모부양자, 장애인 각 0.2% 우대, 2) 청년층(만29세이하)/고령자(만65세이상) 0.1%우대, 3) 금융교육이수자 0.1% 우대, 4) 신한은행 특별지원 1.5% 우대 (~23.12.31까지 한시 적용), 만기일시상환대출, 대출연기시 과거 약정기간 중 연체내역이 없는 경우 금리 연도별 연 0.5% 최대 5년간 누적 2.0%까지 우대, 대출연기시 과거 약정기간 중 연체내역이 없는 경우 금리 연도별 연 0.5% 최대 5년간 누적 2.0%까지 우대, 분할상환대출, 약정기간(분기별) 중 연체내역이 없는 경우 분기별 0.15% 최대 2.85%까지 우대, 약정기간(분기별) 중 연체내역이 없는 경우 분기별 0.15% 최대 2.85%까지 우대, 우대플랜1 최대 2.5%, 1) 기초생활수급자, 한부모가정, 다자녀가정(1가구 만20세 미만 3자녀 이상), 다문화가정, 만 60세이상 부모부양자, 장애인 각 0.2% 우대, 2) 청년층(만29세이하)/고령자(만65세이상) 0.1%우대, 3) 금융교육이수자 0.1% 우대, 4) 신한은행 특별지원 1.5% 우대 (~23.12.31까지 한시 적용),  우대플랜2 : 성실상환자에 대한 금리 감면, 만기일시상환대출, 대출연기시 과거 약정기간 중 연체내역이 없는 경우 금리 연도별 연 0.5% 최대 5년간 누적 2.0%까지 우대, 분할상환대출, 약정기간(분기별) 중 연체내역이 없는 경우 분기별 0.15% 최대 2.85%까지 우대","아래 ①,②의 요건을 모두 충족하는 고객
① 신한은행의 여신심사 기준에 의해 대출 적격자로 판정된 국내거주 국민인 분
② 연소득 3,500만원 이하 또는 개인신용평가회사의 개인신용평점이 하위 20%에 해당하고 연소득 4,500만원 이하인 고객
아래 ①,②의 요건을 모두 충족하는 고객
① 신한은행의 여신심사 기준에 의해 대출 적격자로 판정된 국내거주 국민인 분
② 연소득 3,500만원 이하 또는 개인신용평가회사의 개인신용평점이 하위 20%에 해당하고 연소득 4,500만원 이하인 고객","변동금리 : 금융채 1년
변동금리 : 금융채 1년",해당없음,정보 없음,7.28,1.0,2금융권,7.28,정보 없음,정보 없음
우리은행,우리 새희망홀씨II(스마트),모바일,원(리)금균등분할상환 : 최장 7년이내,"다음 각 호의 조건에 해당되는 경우 최대 연 0.5%p 우대금리 적용 가능, 금리우대쿠폰(대출 미보유 고객) : 연 0.3%p, 청년층(만29세 이하) : 연 0.2%p, 고령자(만65세 이상) : 연 0.2%p, 다음 각 호의 조건에 해당되는 경우 최대 연 0.5%p 우대금리 적용 가능, 금리우대쿠폰(대출 미보유 고객) : 연 0.3%p, 청년층(만29세 이하) : 연 0.2%p, 고령자(만65세 이상) : 연 0.2%p","다음 각호의 어느 하나에 해당하는 개인 및 개인사업자 고객(※단, 외국인 제외)
※ 내부신용등급 및 연체이력등에 따라 대출 취급이 불가할수 있음
※ 비대면 스크래핑 방식을 활용하여 소득입증이 가능한 개인 및 개인사업자
연소득 3,500만원 이하인 자 & 신용평가회사의 개인신용평점을 보유한 자
연소득 4,500만원 이하인 자 & 신용평가회사의 개인신용평점이 하위 100분의 20에 해당하는자
다음 각호의 어느 하나에 해당하는 개인 및 개인사업자 고객(※단, 외국인 제외)
연소득 3,500만원 이하인 자 & 신용평가회사의 개인신용평점을 보유한 자
연소득 4,500만원 이하인 자 & 신용평가회사의 개인신용평점이 하위 100분의 20에 해당하는자
 ※ 내부신용등급 및 연체이력등에 따라 대출 취급이 불가할수 있음
 ※ 비대면 스크래핑 방식을 활용하여 소득입증이 가능한 개인 및 개인사업자","고정금리, 변동금리
고정금리, 변동금리",해당없음,정보 없음,7.57,0.5,2금융권,7.57,정보 없음,정보 없음
하나은행,하나 새희망홀씨II,"모바일,인터넷","원(리)금 균등분할상환 : 5년 이내
부분 원(리)금 균등분할상환(만기상환액은 대출금의 30% 이내) : 5년 이내","최대 1.0%, <부수거래 항목별 감면금리>, <기타감면 항목별 감면금리>, ① 각 0.1% : 청년층(만29세 이하), 고령자(만65세 이상), 장애인, 금융교육 이수자, ② 각 0.2% : 기초생활수급권자, 한부모가정, 다문화가정, 만60세 이상 부모부양자, 만19세 미만 2자녀 가정, ③ 0.4% : 만19세 미만 3자녀 이상 가정, 급여이체(0.3%), 주택청약종합저축납입(0.2%), 제휴카드결제, 기타자동이체, 적금상품납입, 하나원큐이체(각 0.1%), 최대 1.0%,  <부수거래 항목별 감면금리>, 급여이체(0.3%), 주택청약종합저축납입(0.2%), 제휴카드결제, 기타자동이체, 적금상품납입, 하나원큐이체(각 0.1%),  <기타감면 항목별 감면금리>, ① 각 0.1% : 청년층(만29세 이하), 고령자(만65세 이상), 장애인, 금융교육 이수자, ② 각 0.2% : 기초생활수급권자, 한부모가정, 다문화가정, 만60세 이상 부모부양자, 만19세 미만 2자녀 가정, ③ 0.4% : 만19세 미만 3자녀 이상 가정","대출신청일 기준 하나은행 여신심사에 의해 대출 적격으로 판정된 1개월 이상 근로소득, 사업소득, 연금소득이 있는 손님으로서 연소득 3,500만원 이하 또는 CB신용평점 하위 20%의 경우 연소득 4,500만원 이하인 손님을 대상으로 한다. 이 경우 CB신용평점은 KCB CB평점, NICE CB평점 중 낮은 점수를 적용한다.
단, 하나원큐 새희망홀씨II는 신청일 기준 6개월 이상의 근로소득이 있는 자만 가능하다.
대출신청일 기준 하나은행 여신심사에 의해 대출 적격으로 판정된 1개월 이상 근로소득, 사업소득, 연금소득이 있는 손님으로서 연소득 3,500만원 이하 또는 CB신용평점 하위 20%의 경우 연소득 4,500만원 이하인 손님을 대상으로 한다. 이 경우 CB신용평점은 KCB CB평점, NICE CB평점 중 낮은 점수를 적용한다.
단, 하나원큐 새희망홀씨II는 신청일 기준 6개월 이상의 근로소득이 있는 자만 가능하다.","1년물 금융채 유통수익률
1년물 금융채 유통수익률",해당없음,정보 없음,7.72,1.0,2금융권,7.72,정보 없음,정보 없음
우리은행,우리 새희망홀씨II,영업점,원(리)금균등분할상환 : 최장 7년이내,"다음 각 호의 조건에 해당되는 경우 최대 연 1.0%p 우대금리 적용 가능, 다문화 가정 : 연 0.3%p, 60세 이상 부모 부양자 : 연 0.3%p, 기초생활수급권자 : 연 0.3%p, 3자녀 이상 : 연 0.3%p, 한부모 가정 : 연 0.3%p, 장애인 : 연 0.3%p, 금리우대쿠폰(대출 미보유 고객) : 연 0.3%p, 청년층(만29세 이하) : 연 0.2%p, 고령자(만65세 이상) : 연 0.2%p, 금융교육이수자 : 연 0.1%p, 일용직 근로자 : 연 0.1%p, 다음 각 호의 조건에 해당되는 경우 최대 연 1.0%p 우대금리 적용 가능, 다문화 가정 : 연 0.3%p, 60세 이상 부모 부양자 : 연 0.3%p, 기초생활수급권자 : 연 0.3%p, 3자녀 이상 : 연 0.3%p, 한부모 가정 : 연 0.3%p, 장애인 : 연 0.3%p, 금리우대쿠폰(대출 미보유 고객) : 연 0.3%p, 청년층(만29세 이하) : 연 0.2%p, 고령자(만65세 이상) : 연 0.2%p, 금융교육이수자 : 연 0.1%p, 일용직 근로자 : 연 0.1%p","다음 각호의 어느 하나에 해당하는 개인 및 개인사업자 고객(※단, 외국인 제외)
※ 내부신용등급 및 연체이력등에 따라 대출 취급이 불가할수 있음
연소득 3,500만원 이하인 자 & 신용평가회사의 개인신용평점을 보유한 자
연소득 4,500만원 이하인 자 & 신용평가회사의 개인신용평점이 하위 100분의 20에 해당하는자
다음 각호의 어느 하나에 해당하는 개인 및 개인사업자 고객(※단, 외국인 제외)
연소득 3,500만원 이하인 자 & 신용평가회사의 개인신용평점을 보유한 자
연소득 4,500만원 이하인 자 & 신용평가회사의 개인신용평점이 하위 100분의 20에 해당하는자
 ※ 내부신용등급 및 연체이력등에 따라 대출 취급이 불가할수 있음","고정금리
고정금리",해당없음,정보 없음,7.79,1.0,2금융권,7.79,정보 없음,정보 없음
전북은행,JB 새희망홀씨II 대출,"모바일,인터넷,영업점","원금균등분할상환, 원리금균등분할상환 : 1년 ~ 5년","우대금리 : 최고 연 1.50% (금융소외계층 최고 1.00% / 성실상환우대 최고 0.50%), * 취급당시 금융소외계층 우대 적용 / 취급 후 1년 경과시 성실상환우대 추가 적용, ※ 상기 대출 금리는 기준일 현재의 적용금리이며, 기준금리 변동시 금리가 변동될 수 있습니다., 우대금리 : 최고 연 1.50% (금융소외계층 최고 1.00% / 성실상환우대 최고 0.50%), * 취급당시 금융소외계층 우대 적용 / 취급 후 1년 경과시 성실상환우대 추가 적용, ※ 상기 대출 금리는 기준일 현재의 적용금리이며, 기준금리 변동시 금리가 변동될 수 있습니다.","다음의 조건을 모두 충족하는 개인(개인사업자 포함)
전북은행 신용등급(결합) 7등급 이상
재직조건
급여소득자 : 현 직장 재직기간 3개월 이상
사업소득자 : 사업영위기간 6개월 이상
연금소득자 : 연금수령 1회이상(다만, 4대 공적연금(국민연금,공무원연금,군인연금,사학연금)에 한함
급여소득자 : 현 직장 재직기간 3개월 이상
사업소득자 : 사업영위기간 6개월 이상
연금소득자 : 연금수령 1회이상(다만, 4대 공적연금(국민연금,공무원연금,군인연금,사학연금)에 한함
소득조건
연소득 3,500만원 이하 (다만, 개인신용평가회사의 개인 신용평점이 하위 100분의 20에 해당하는 자는 연소득 4,500만원 이하)
연소득 3,500만원 이하 (다만, 개인신용평가회사의 개인 신용평점이 하위 100분의 20에 해당하는 자는 연소득 4,500만원 이하)
다음의 조건을 모두 충족하는 개인(개인사업자 포함)
전북은행 신용등급(결합) 7등급 이상
재직조건
급여소득자 : 현 직장 재직기간 3개월 이상
사업소득자 : 사업영위기간 6개월 이상
연금소득자 : 연금수령 1회이상(다만, 4대 공적연금(국민연금,공무원연금,군인연금,사학연금)에 한함
소득조건
연소득 3,500만원 이하 (다만, 개인신용평가회사의 개인 신용평점이 하위 100분의 20에 해당하는 자는 연소득 4,500만원 이하)",정보 없음,해당없음,정보 없음,8.11,1.5,2금융권,8.11,정보 없음,정보 없음
신한은행,쏠편한 새희망홀씨 대출,모바일,"만기일시상환: 1년
원금분할상환: 1년~5년
대출만기 도래 시 은행의 심사 결과에 따라 대출금 상환 또는 대출기한 연기가능 하며 1년 단위로 최장 20년까지 연장가능합니다. (만기일시상환 방식 해당)","신한은행 특별지원 1.5% 우대(~23.12.31까지 한시 적용), 성실상환자에 대한 금리감면 최대 2.85%, 만기일시상환대출 : 대출연기 시 과거 약정기간 중 연체내역이 없는 경우 금리 연도별 0.5% 최대 5년간 누적 2.0%까지 우대, 분할상환대출 : 약정기간(분기별) 중 연체내역이 없는 경우 분기별 0.15% 최대 2.85%까지 우대, 신한은행 특별지원 1.5% 우대(~23.12.31까지 한시 적용),  성실상환자에 대한 금리감면 최대 2.85%, 만기일시상환대출 : 대출연기 시 과거 약정기간 중 연체내역이 없는 경우 금리 연도별 0.5% 최대 5년간 누적 2.0%까지 우대, 분할상환대출 : 약정기간(분기별) 중 연체내역이 없는 경우 분기별 0.15% 최대 2.85%까지 우대","6개월 이상 재직중인 직장인
만 19세 이상 내국인
납부한 건강보험료로 추정한 연소득과 개인신용평점이 다음 중 한 가지를 충족하는 고객
신한은행 심사기준을 충족하는 고객
다음에 해당되는 경우 대출대상에서 제외 됨
① 연환산소득 3,500만원 이하
② 연환산소득 3,500만원 초과 4,500만원 이하 & 개인신용평가회사의 개인신용평점이 하위 20%에 해당
직장인으로 건강보험료를 납입 중인 고객
현재 보유하고 있는 대출금액이 3,000만원을 초과하는 고객 (신청건 및 담보대출 제외)
은행연합회 신용정보전산망에 신용도 판단정보 및 공공 정보가 등재된 고객
재외국민, 외국인, 해외체류자
6개월 이상 재직중인 직장인
 만 19세 이상 내국인
 납부한 건강보험료로 추정한 연소득과 개인신용평점이 다음 중 한 가지를 충족하는 고객
① 연환산소득 3,500만원 이하
② 연환산소득 3,500만원 초과 4,500만원 이하 & 개인신용평가회사의 개인신용평점이 하위 20%에 해당
직장인으로 건강보험료를 납입 중인 고객
 신한은행 심사기준을 충족하는 고객
 다음에 해당되는 경우 대출대상에서 제외 됨
현재 보유하고 있는 대출금액이 3,000만원을 초과하는 고객 (신청건 및 담보대출 제외)
은행연합회 신용정보전산망에 신용도 판단정보 및 공공 정보가 등재된 고객
재외국민, 외국인, 해외체류자","변동금리 : 금융채 1년
변동금리 : 금융채 1년",해당없음,정보 없음,8.13,1.5,2금융권,8.13,정보 없음,정보 없음
농협은행,NH모바일새희망홀씨II,모바일,원(리)금균등할부상환 : 1년 이상 5년 이내(거치기간 없음),"우대금리 : 최고 0.2%p 우대, ※ 대출 신청 시 적용된 우대금리는 대출만기까지 적용되고, 기한연기, 금리인하요구 및 조건변경의 금리 재산출 시 우대금리가 변경될 수 있습니다., ※ 대출금리는 고객 신용등급, 거래실적, 대출조건 등에 따라 차등 적용될 수 있습니다. 금리관련 자세한 사항은 NH농협은행 고객행복센터(Tel. 1661-3000) 직원과 상담하시기 바랍니다., 청년층(만29세 이하) 또는 고령자(만65세 이상) 우대 : 0.20%p, 우대금리 : 최고 0.2%p 우대, 청년층(만29세 이하) 또는 고령자(만65세 이상) 우대 : 0.20%p,  ※ 대출 신청 시 적용된 우대금리는 대출만기까지 적용되고, 기한연기, 금리인하요구 및 조건변경의 금리 재산출 시 우대금리가 변경될 수 있습니다.,  ※ 대출금리는 고객 신용등급, 거래실적, 대출조건 등에 따라 차등 적용될 수 있습니다. 금리관련 자세한 사항은 NH농협은행 고객행복센터(Tel. 1661-3000) 직원과 상담하시기 바랍니다.","대출신청일 현재 6개월 이상 계속 재직하고 있고, 다음 조건 중 하나를 만족하는 고객
※ 국민건강보험공단 자격득실확인서 기준 재직기간 6개월 이상인 직장인 근로자
※ 국민건강보험공단 보험료 납부확인서에 의한 납부보험료로 추정한 연환산소득 기준
※ 대출신청일 현재 동일사업장 국민건강보험 가입이력이 6개월 이상이어야 하며, 자격유지 기준 변동사항(휴직, 이직, 합병 등)이 있는 경우에는 신청이 불가합니다.
① 연소득 4,500만원 이하이면서 개인신용평가회사(KCB 또는 NICE)가 산정한 개인신용평점이 하위 100분의 20에 해당하는 자
② 연소득 3,500만원 이하
대출신청일 현재 6개월 이상 계속 재직하고 있고, 다음 조건 중 하나를 만족하는 고객
① 연소득 4,500만원 이하이면서 개인신용평가회사(KCB 또는 NICE)가 산정한 개인신용평점이 하위 100분의 20에 해당하는 자
② 연소득 3,500만원 이하
 ※ 국민건강보험공단 자격득실확인서 기준 재직기간 6개월 이상인 직장인 근로자
 ※ 국민건강보험공단 보험료 납부확인서에 의한 납부보험료로 추정한 연환산소득 기준
 ※ 대출신청일 현재 동일사업장 국민건강보험 가입이력이 6개월 이상이어야 하며, 자격유지 기준 변동사항(휴직, 이직, 합병 등)이 있는 경우에는 신청이 불가합니다.","변동금리
변동금리",해당없음,정보 없음,8.35,0.2,2금융권,8.35,정보 없음,정보 없음
부산은행,새희망홀씨II,"모바일,영업점","만기일시상환방식 : 6개월 이상 ~ 1년 이내
원금균등, 원리금균등 상환방식대출 : 1년 초과 ~ 7년 이내
※65세이상의 경우 대출만기는 3년으로 제한","최대 5.8%, 1. 기본 감면금리 최대 연 0.80%, 2. 신용평점에 따라 최대 연 4.00%, 3. 특별 감면금리(비대면 채널 적용 불가) 최대 연 1.00%, 1) 부산은행 급여이체 0.30%, 2) 새희망홀씨 서민금융상담행사 신청 고객(비대면 채널 적용 불가) 0.50%, 최대 5.8%,  1. 기본 감면금리 최대 연 0.80%, 1) 부산은행 급여이체 0.30%, 2) 새희망홀씨 서민금융상담행사 신청 고객(비대면 채널 적용 불가) 0.50%,  2. 신용평점에 따라 최대 연 4.00%,  3. 특별 감면금리(비대면 채널 적용 불가) 최대 연 1.00%","공통
급여소득자 : 3개월 이상
개인사업자 : 3개월 이상
연금소득자 : 연금 1회 이상 수령
연소득 3,500만원 이하 또는
연소득 3,500만원 초과 ~ 4,500만원 이하인 자 중 신용평점 NICE 744점 이하 또는 KCB 700점 이하
공적연금(국민연금, 공무원연금, 군인연금, 사학연금)만 가능하며, 기초연금은 불가.
단, 비대면 채널은 국민연금 限
공통
연소득 3,500만원 이하 또는
연소득 3,500만원 초과 ~ 4,500만원 이하인 자 중 신용평점 NICE 744점 이하 또는 KCB 700점 이하
 급여소득자 : 3개월 이상
 개인사업자 : 3개월 이상
 연금소득자 : 연금 1회 이상 수령
공적연금(국민연금, 공무원연금, 군인연금, 사학연금)만 가능하며, 기초연금은 불가.
단, 비대면 채널은 국민연금 限","변동금리 : 신규취급액기준(COFIX)
변동금리 : 신규취급액기준(COFIX)",해당없음,정보 없음,8.55,5.8,2금융권,8.55,정보 없음,정보 없음
국민은행,KB 새희망홀씨II,"모바일,인터넷,영업점",원금균등 또는 원리금균등 분할상환 : 최저1년 이상 최장7년 이내(거치기간 설정불가),"최고 연 1.0%p, 아래 항목당 연 0.5%p 우대, 아래 항목당 연 0.1%p 우대, 성실상환고객 금리우대, ① 기초생활수급권자, ② 한부모가정, ③ 다문화가정, ④ 만 20세 미만인 자녀를 3명 이상 부양고객, ⑤ 만 60세 이상인 부모를 부양고객, ⑥「맞춤형서민금융상담」참여고객, ⑦ 등록 장애인, ① 만 29세 이하인 고객, ② 만 65세 이상인 고객, ③ 금융교육이수자, ※ 서민금융진흥원, 한국금융연수원, 신용교육원에서 진행, ※ 서민금융진흥원, 한국금융연수원, 신용교육원에서 진행, 금리산정기간(12개월) 동안 납입지연일수가 없는 고객 연 0.3%p씩 금리인하, 최고 연 1.0%p,  아래 항목당 연 0.5%p 우대, ① 기초생활수급권자, ② 한부모가정, ③ 다문화가정, ④ 만 20세 미만인 자녀를 3명 이상 부양고객, ⑤ 만 60세 이상인 부모를 부양고객, ⑥「맞춤형서민금융상담」참여고객, ⑦ 등록 장애인,  아래 항목당 연 0.1%p 우대, ① 만 29세 이하인 고객, ② 만 65세 이상인 고객, ③ 금융교육이수자, ※ 서민금융진흥원, 한국금융연수원, 신용교육원에서 진행,  성실상환고객 금리우대, 금리산정기간(12개월) 동안 납입지연일수가 없는 고객 연 0.3%p씩 금리인하","개인신용평가시스템(CSS)에 의해 대출적격자로 판정된 국내거주 국민으로서 연간소득 3,500만원 이하[다만, 개인신용평점 하위 20% 이하인 경우에는 연간소득 4,500만원 이하] 이고 다음 각 항목 중 하나에 해당하는 고객
①증빙소득서류 제출자 (직업 및 소득 확인서류 등으로 증빙된 소득)
②국민연금보험료 또는 지역건강보험료(세대주에 한함) 3개월 이상 정상 납부액 기준으로 소득금액이 산출되는 고객
개인신용평가시스템(CSS)에 의해 대출적격자로 판정된 국내거주 국민으로서 연간소득 3,500만원 이하[다만, 개인신용평점 하위 20% 이하인 경우에는 연간소득 4,500만원 이하] 이고 다음 각 항목 중 하나에 해당하는 고객
①증빙소득서류 제출자 (직업 및 소득 확인서류 등으로 증빙된 소득)
②국민연금보험료 또는 지역건강보험료(세대주에 한함) 3개월 이상 정상 납부액 기준으로 소득금액이 산출되는 고객","변동금리 : 금융채12개월
변동금리 : 금융채12개월",해당없음,정보 없음,9.79,1.0,2금융권,9.79,정보 없음,정보 없음
광주은행,KJB 새희망홀씨II(대환),영업점,원금균등분할상환대출 : 최대 5년 이내(거치기간 없음),정보 없음,"성년(성년의제 제외)인 근로소득자(일용근로자 포함), 개인사업자, 연금소득자 중 연소득 3,500만원 이하의 고객
대환 대상 대출의 거래기간이 1년 이상(최소 1계좌 이상)
제외대상 고객
대환 제외대상 계좌
단, 외부 개인신용평점이 하위 100분의 20에 해당하는 경우 연소득 4,500만원 이하의 고객
금융기관 연체대출금 보유자, 신용도판단정보등록 고객 등 광주은행에서 정한 여신 비적격자
미성년자, 외국인(재외국인 포함)
무소득자
아파트 중도금대출, 전세자금대출(증빙된 보증서, 보험증권, 지급보증서로 담보 설정된 대출), 보증서대출, 차량구입관련대출, 현금서비스 이용금액
기업대출
성년(성년의제 제외)인 근로소득자(일용근로자 포함), 개인사업자, 연금소득자 중 연소득 3,500만원 이하의 고객
단, 외부 개인신용평점이 하위 100분의 20에 해당하는 경우 연소득 4,500만원 이하의 고객
 대환 대상 대출의 거래기간이 1년 이상(최소 1계좌 이상)
 제외대상 고객
금융기관 연체대출금 보유자, 신용도판단정보등록 고객 등 광주은행에서 정한 여신 비적격자
미성년자, 외국인(재외국인 포함)
무소득자
 대환 제외대상 계좌
아파트 중도금대출, 전세자금대출(증빙된 보증서, 보험증권, 지급보증서로 담보 설정된 대출), 보증서대출, 차량구입관련대출, 현금서비스 이용금액
기업대출","변동금리 : 신잔액 COFIX 12개월
변동금리 : 신잔액 COFIX 12개월",해당없음,정보 없음,10.16,정보 없음,2금융권,10.16,정보 없음,정보 없음
SC제일은행,새희망홀씨2,"영업점 방문, 모바일 신청, 서민금융진흥원 맞춤대출 상담, 영업점 방문, 모바일 신청, 서민금융진흥원 맞춤대출 상담",원리금균등분할상환,정보 없음,"만 19세이상으로 당행 신용평가 시스템(은행내부 신용등급 1~5등급 이내)에 의해 승인 받은 급여생활자 (재직 또는 사업영위 6개월 초과)
연소득 40백만원 이하인자(NICE 신용평가정보㈜의 신용평점(CB평점)이 749점 초과인 고객)
또는 NICE 신용평가정보㈜의 개인신용평점이 하위 100분의 20(NICE 신용평가정보㈜의 신용평점(CB평점)이 749점 이하인 고객)에 해당하는 연소득 50백만원 이하인 자(단, 모바일로 신청시 상기조건을 충족한 급여생활자만 상담 및 신청가능)
만 19세이상으로 당행 신용평가 시스템(은행내부 신용등급 1~5등급 이내)에 의해 승인 받은 급여생활자 (재직 또는 사업영위 6개월 초과)
연소득 40백만원 이하인자(NICE 신용평가정보㈜의 신용평점(CB평점)이 749점 초과인 고객)
또는 NICE 신용평가정보㈜의 개인신용평점이 하위 100분의 20(NICE 신용평가정보㈜의 신용평점(CB평점)이 749점 이하인 고객)에 해당하는 연소득 50백만원 이하인 자(단, 모바일로 신청시 상기조건을 충족한 급여생활자만 상담 및 신청가능)","변동금리
변동금리",해당없음,60,10.27,정보 없음,2금융권,10.27,정보 없음,정보 없음
케이뱅크,비상금대출,정보 없음,"· 한도대출(마이너스통장) : 대출기간 중에는 한도내에서 수시로 상환 및 재사용이 가능하며, 대출기간 종료 시 (만기일)에 대출잔액 및 상환시점 미납이자를 모두 상환합니다.
· 한도대출(마이너스통장) : 대출기간 중에는 한도내에서 수시로 상환 및 재사용이 가능하며, 대출기간 종료 시 (만기일)에 대출잔액 및 상환시점 미납이자를 모두 상환합니다.","없음, 없음","· 만 19세 이상의 내국인 
· 서울보증보험 보험증권 발급이 가능한 고객 
· 케이뱅크 내부 심사기준을 충족하는 고객
· 만 19세 이상의 내국인 
· 서울보증보험 보험증권 발급이 가능한 고객 
· 케이뱅크 내부 심사기준을 충족하는 고객","변동금리
변동금리",해당없음,정보 없음,7.03,정보 없음,2금융권,7.03,정보 없음,정보 없음
국민은행,KB 사잇돌 중금리대출,"모바일,인터넷,영업점","원(리)금균등 분할상환(거치기간 없음) : 12개월 이상 ~ 60개월 이내(월 단위 신청 가능)
원(리)금균등 분할상환(거치기간 없음) : 12개월 이상 ~ 60개월 이내(월 단위 신청 가능)","최고 연 0.6%p 우대, ① 「KB새희망홀씨Ⅱ」 성실상환 우대금리 : 연 0.5%p, ② 계좌통합조회 동의 고객 우대금리 : 연 0.1%p, 성실상환 고객 금리인하 : 대출신규 후 매1년마다 금리산정기간(12개월)동안 납입지연일수가 없는 고객은 연 0.3%p씩 금리가 추가 인하되어 적용, 대출신청일 현재 기존보유 「KB새희망홀씨Ⅱ(「KB새희망홀씨」, 「KB새희망홀씨 긴급생계자금」 포함)」 대출을 최근 1년 이상 납입지연일수주) 없이 성실상환 중인 고객, 주) 「KB 새희망홀씨Ⅱ(「KB새희망홀씨」, 「KB 새희망홀씨 긴급생계자금」 포함)」 대출을 복수로 보유한 경우 납입지연일수 합산, 대출신청일 현재 은행권 대출심사용 계좌조회시스템 조회에 동의하고, 시스템 조회 결과 계좌총잔고가 0원보다 큰 경우, 최고 연 0.6%p 우대,  ① 「KB새희망홀씨Ⅱ」 성실상환 우대금리 : 연 0.5%p, 대출신청일 현재 기존보유 「KB새희망홀씨Ⅱ(「KB새희망홀씨」, 「KB새희망홀씨 긴급생계자금」 포함)」 대출을 최근 1년 이상 납입지연일수주) 없이 성실상환 중인 고객, 주) 「KB 새희망홀씨Ⅱ(「KB새희망홀씨」, 「KB 새희망홀씨 긴급생계자금」 포함)」 대출을 복수로 보유한 경우 납입지연일수 합산,  ② 계좌통합조회 동의 고객 우대금리 : 연 0.1%p, 대출신청일 현재 은행권 대출심사용 계좌조회시스템 조회에 동의하고, 시스템 조회 결과 계좌총잔고가 0원보다 큰 경우,  성실상환 고객 금리인하 : 대출신규 후 매1년마다 금리산정기간(12개월)동안 납입지연일수가 없는 고객은 연 0.3%p씩 금리가 추가 인하되어 적용","서울보증보험(주)의 보험증권 발급이 가능한 급여소득자, 사업소득자, 공적연금소득자 중 아래 기준을 충족하고 증빙서류 제출이 가능한 개인고객
급여소득자 : 현직장 재직기간 3개월 이상, 연소득 1,500만원 이상
사업소득자 : 현 사업영위기간 6개월 이상, 연소득 1,000만원 이상
공적연금(국민연금, 공무원연금, 군인연금, 사학연금) 소득자 : 연금수령 1회 이상, 연소득 1,000만원 이상
서울보증보험(주)의 보험증권 발급이 가능한 급여소득자, 사업소득자, 공적연금소득자 중 아래 기준을 충족하고 증빙서류 제출이 가능한 개인고객
급여소득자 : 현직장 재직기간 3개월 이상, 연소득 1,500만원 이상
사업소득자 : 현 사업영위기간 6개월 이상, 연소득 1,000만원 이상
공적연금(국민연금, 공무원연금, 군인연금, 사학연금) 소득자 : 연금수령 1회 이상, 연소득 1,000만원 이상","변동금리 : 금융채12개월
변동금리 : 금융채12개월",해당없음,정보 없음,8.63,0.6,2금융권,8.63,정보 없음,정보 없음
케이뱅크,사잇돌 대출,정보 없음,"· 원리금균등분할상환 : 대출금액과 이자금액의 합계액을 대출기간 개월 수로 
균등하게 나누어 산정한 분할상환 원리금을 매월 납부합니다.
· 원리금균등분할상환 : 대출금액과 이자금액의 합계액을 대출기간 개월 수로 
균등하게 나누어 산정한 분할상환 원리금을 매월 납부합니다.","없음, 없음","· 만 19세 이상의 직장인 및 개인사업자 
* 직장인 : 3개월 이상 재직하고 연소득 1,500만원 이상인 고객
* 개인사업자 : 단독명의 개인사업자로 휴,폐업 없이 현재 6개월 이상 정상적으로 사업을 영위중에 있고, 홈택스 기준 직전년도 신고소득이 1,000만원 이상인 고객
· 케이뱅크 내부 심사기준을 충족하는 고객
· 서울보증보험의 보험증권 발급이 가능한 고객
· 만 19세 이상의 직장인 및 개인사업자 
* 직장인 : 3개월 이상 재직하고 연소득 1,500만원 이상인 고객
* 개인사업자 : 단독명의 개인사업자로 휴,폐업 없이 현재 6개월 이상 정상적으로 사업을 영위중에 있고, 홈택스 기준 직전년도 신고소득이 1,000만원 이상인 고객
· 케이뱅크 내부 심사기준을 충족하는 고객
· 서울보증보험의 보험증권 발급이 가능한 고객",정보 없음,해당없음,60,8.98,정보 없음,2금융권,8.98,정보 없음,정보 없음
우리금융저축은행,사잇돌2,"뱅크샐러드 내 통합한도조회, 뱅크샐러드 내 통합한도조회","원리금균등상환(매달 일정한 금액으로 원금 및 이자 납입)
원리금균등상환(매달 일정한 금액으로 원금 및 이자 납입)",정보 없음,"· 만20세 이상 내국인
· 급여소득자 : 재직 5개월 이상, 연소득 1,200만원 이상
· 서울보증보험의 보증서 발급이 가능한 고객
· SGI서울보증 내부 심사기준 통과자 (단, 신용관리대상자 및 채무불이행/연체중인 고객 대출 불가)
· 만20세 이상 내국인
· 급여소득자 : 재직 5개월 이상, 연소득 1,200만원 이상
· 서울보증보험의 보증서 발급이 가능한 고객
· SGI서울보증 내부 심사기준 통과자 (단, 신용관리대상자 및 채무불이행/연체중인 고객 대출 불가)","고정금리
고정금리",해당없음,60,13.49,정보 없음,2금융권,13.49,정보 없음,정보 없음
KB저축은행,KB사잇돌2대출(표준형),"모바일,인터넷","원리금균등분할상환 : 6개월 ~ 60개월 (6개월 단위 운영)
원리금균등분할상환 : 6개월 ~ 60개월 (6개월 단위 운영)",정보 없음,"직장인 : 소득증빙이 가능하며, 재직기간 5개월이상, 연소득 1,200만원이상
자영업자 : 소득증빙이 가능하며, 현 사업 영위기간 4개월이상, 연소득 600만원 이상
직장인 : 소득증빙이 가능하며, 재직기간 5개월이상, 연소득 1,200만원이상
 자영업자 : 소득증빙이 가능하며, 현 사업 영위기간 4개월이상, 연소득 600만원 이상",정보 없음,해당없음,정보 없음,13.8,정보 없음,2금융권,13.8,정보 없음,정보 없음
융창저축은행,사잇돌2,정보 없음,"매월 원금균등분할, 매월 원리금균등분할
매월 원금균등분할, 매월 원리금균등분할",정보 없음," 급여소득자 : 보증신청일 현재5개월이상 재직자로서 연소득 1,200만원이상인자
 사업소득자 : 보증신청일 현재4개월이상 사업소득 발생자로서 연소득 600만원
              이상인자
 공통사항 : 만19세이상 / 나이스 신용평점 355점이상
 제외사항 : 부도, 금융 채무불이행자, 파산절차 진행 중인 자, 개인회생 및 
            보증사고 관련자 등
 급여소득자 : 보증신청일 현재5개월이상 재직자로서 연소득 1,200만원이상인자
 사업소득자 : 보증신청일 현재4개월이상 사업소득 발생자로서 연소득 600만원
              이상인자
 공통사항 : 만19세이상 / 나이스 신용평점 355점이상
 제외사항 : 부도, 금융 채무불이행자, 파산절차 진행 중인 자, 개인회생 및 
            보증사고 관련자 등","고정금리
고정금리",해당없음,60,15.79,정보 없음,2금융권,15.79,정보 없음,정보 없음
진주저축은행,사잇돌,"인터넷, 모바일, 자체앱, 인터넷, 모바일, 자체앱","원리금균등분할상환
원리금균등분할상환","최대 1.5%, 최대 1.5%","직장인, 연금소득자 / SGI의 신용보증심사결과 리스크 등급 8등급 이상인 고객
NICE의 신용평점 460점 이상인 고객
직장인, 연금소득자 / SGI의 신용보증심사결과 리스크 등급 8등급 이상인 고객
NICE의 신용평점 460점 이상인 고객","고정금리
고정금리",해당없음,60,15.99,1.5,2금융권,15.99,정보 없음,정보 없음
전북은행,위풍당당 중금리대출,"모바일,인터넷,영업점",정보 없음,정보 없음,"만 25세 이상 개인
전북은행 신용등급(결합) 7등급 이상 고객
[소득서류 증빙]
[소득서류 무증빙]
급여소득자 : 현 직장 재직기간 6개월 이상
연소득 : 1,000만원 이상
연소득 : 1,200만원 이상
만 25세 이상 개인
 전북은행 신용등급(결합) 7등급 이상 고객
 [소득서류 증빙]
급여소득자 : 현 직장 재직기간 6개월 이상
연소득 : 1,000만원 이상
 [소득서류 무증빙]
연소득 : 1,200만원 이상",정보 없음,해당없음,정보 없음,9.6,정보 없음,2금융권,9.6,정보 없음,정보 없음
고려저축은행,뉴플랜론III,"모바일, 웹, APP",원리금균등분할상환,해당사항 없음,"만20세이상 소득증빙이 가능한 급여소득자, 주부(단, 채무불이행자, 과다채무자, 군미필자 제외) NICE 신용평점 351점 이상인 자",고정금리,해당없음,정보 없음,17.14,정보 없음,2금융권,17.14,정보 없음,정보 없음
다올저축은행,Fi비상금,"모바일,인터넷,영업점","원리금균등분할, 만기일시상환 : 최장 60개월
원리금균등분할, 만기일시상환 : 최장 60개월",정보 없음,"만 32세 이상 소득있는 모든 고객
신용점수[NICE기준] 560점 이상
만 32세 이상 소득있는 모든 고객
 신용점수[NICE기준] 560점 이상","고정금리
고정금리",해당없음,정보 없음,18.19,정보 없음,2금융권,18.19,정보 없음,정보 없음
신한저축은행,참신한500,정보 없음,"원리금균등분할상환
원리금균등분할상환",정보 없음,"30세 이상 & NICE 신용평점 590점 이상 고객 중, 신용정보사 추정 연소득이 1,200만원 이상인 자(대학(원)생 제외)
30세 이상 & NICE 신용평점 590점 이상 고객 중, 신용정보사 추정 연소득이 1,200만원 이상인 자(대학(원)생 제외)","고정금리
고정금리",해당없음,36,18.88,정보 없음,2금융권,18.88,정보 없음,정보 없음
