금융회사명,상품명,최대 한도,400점 이하,400점대,500점대,600점대,700점대,800점대,900점 이상,전체,주요 특징,대출 금리,우대 금리,대출 한도,금리 유형,대출상환방법,신청 방식,연체 금리,중도상환 수수료,신청조건,필요서류,이자부과시기,이자율(연)&우대금리,대출 기간,대출 만기,부대비용,유의사항
경남은행,경남새희망홀씨대출II,"3,500만원",정보 없음,4.97%,정보 없음,4.76%,4.80%,정보 없음,6.16%,5.59%,"저소득자, 저신용자 등 금융 거래 취약층을 위한 서민금융지원 상품으로 1금융권 은행에서 신청 가능
저소득자, 저신용자 등 금융 거래 취약층을 위한 서민금융지원 상품으로 1금융권 은행에서 신청 가능","최저금리 : 연 5.16%(교육세 포함)
최고금리 : 연 10.5%(교육세 포함)
2022.12.20 기준 금융채(12개월 변동) 4.52%,대출금액 3,000만원, 1년 일시상환, 가계자금, 경남은행 내부AS등급 1등급, 감면 1.5% 적용 시
최저금리 : 연 5.16%(교육세 포함)
2022.12.20 기준 금융채(12개월 변동) 4.52%,대출금액 3,000만원, 1년 일시상환, 가계자금, 경남은행 내부AS등급 1등급, 감면 1.5% 적용 시
 최고금리 : 연 10.5%(교육세 포함)","감면우대금리
※ 거래실적감면은 대출취급일이 속한 달의 다음달부터 매 3개월 단위로 확인하여 금리감면 조건이 유지 또는 이행되지 않는 경우에는 매 3개월 다음달 13일에 감면받는 금리가 자동 조정됩니다.(대출거래약정서 및 추가약정서(우대금리)등 참고)
우대금리 적용에 따른 감면 : 최대 1.5%p
거래실적에 의한 우대 : 최대 0.3%p
① 급여이체계좌 또는 가맹점 결제계좌 경남은행 지정 : 0.2%p
② 생활요금 자동이체 건당 0.05%p : 최대 0.1%p
취약계층에 대한 금리 우대 : 1.0%p
취약계층: 기초생활수급권자, 한부모•다자녀•다문화가정, 만60세 이상 부 또는 모 부양자, 장애인, 조손가정, 고령자(만 65세 이상), 청년층(만 29세 이하)
금융교육 이수자 : 0.2%p
공신력 있는 금융교육기관(신용회복위원회, 한국금융연수원, 서민금융진흥원 등)에서 금융교육을 이수한 경우
한시적 우대지원 : 0.5%p
거래실적에 의한 우대 : 최대 0.3%p
① 급여이체계좌 또는 가맹점 결제계좌 경남은행 지정 : 0.2%p
② 생활요금 자동이체 건당 0.05%p : 최대 0.1%p
① 급여이체계좌 또는 가맹점 결제계좌 경남은행 지정 : 0.2%p
② 생활요금 자동이체 건당 0.05%p : 최대 0.1%p
취약계층에 대한 금리 우대 : 1.0%p
취약계층: 기초생활수급권자, 한부모•다자녀•다문화가정, 만60세 이상 부 또는 모 부양자, 장애인, 조손가정, 고령자(만 65세 이상), 청년층(만 29세 이하)
취약계층: 기초생활수급권자, 한부모•다자녀•다문화가정, 만60세 이상 부 또는 모 부양자, 장애인, 조손가정, 고령자(만 65세 이상), 청년층(만 29세 이하)
금융교육 이수자 : 0.2%p
공신력 있는 금융교육기관(신용회복위원회, 한국금융연수원, 서민금융진흥원 등)에서 금융교육을 이수한 경우
공신력 있는 금융교육기관(신용회복위원회, 한국금융연수원, 서민금융진흥원 등)에서 금융교육을 이수한 경우
한시적 우대지원 : 0.5%p
성실상환자에 대한 감면 : 약정기간 내 최대 2.0%p 이내
일시상환식을 거치기간이 없는 할부상환식으로 전환하는 경우 : 1.0%p 이내
감면우대금리
우대금리 적용에 따른 감면 : 최대 1.5%p
거래실적에 의한 우대 : 최대 0.3%p
① 급여이체계좌 또는 가맹점 결제계좌 경남은행 지정 : 0.2%p
② 생활요금 자동이체 건당 0.05%p : 최대 0.1%p
취약계층에 대한 금리 우대 : 1.0%p
취약계층: 기초생활수급권자, 한부모•다자녀•다문화가정, 만60세 이상 부 또는 모 부양자, 장애인, 조손가정, 고령자(만 65세 이상), 청년층(만 29세 이하)
금융교육 이수자 : 0.2%p
공신력 있는 금융교육기관(신용회복위원회, 한국금융연수원, 서민금융진흥원 등)에서 금융교육을 이수한 경우
한시적 우대지원 : 0.5%p
 성실상환자에 대한 감면 : 약정기간 내 최대 2.0%p 이내
 일시상환식을 거치기간이 없는 할부상환식으로 전환하는 경우 : 1.0%p 이내
 ※ 거래실적감면은 대출취급일이 속한 달의 다음달부터 매 3개월 단위로 확인하여 금리감면 조건이 유지 또는 이행되지 않는 경우에는 매 3개월 다음달 13일에 감면받는 금리가 자동 조정됩니다.(대출거래약정서 및 추가약정서(우대금리)등 참고)","최소 300만원 ~ 최대 3,500만원 이내
최소 300만원 ~ 최대 3,500만원 이내","기준금리 : 금융채(12개월 변동)
기준금리 : 금융채(12개월 변동)","근로소득자
개인사업자
기타 소득자
연금소득자
일시상환식 : 1년 이내
할부상환식 : 1년 초과 ~ 5년 이내
할부상환식 : 1년 초과 ~ 5년 이내
할부상환식 : 1년 초과 ~ 5년 이내
할부상환식 : 1년 초과 ~ 5년 이내
근로소득자
일시상환식 : 1년 이내
할부상환식 : 1년 초과 ~ 5년 이내
 개인사업자
할부상환식 : 1년 초과 ~ 5년 이내
 기타 소득자
할부상환식 : 1년 초과 ~ 5년 이내
 연금소득자
할부상환식 : 1년 초과 ~ 5년 이내",영업점,"최고 연 15%(대출금리+ 3.0%p)
단, 대출금리가 최고 연체이자율 이상인 겨우 대출금리 + 2.0%
최고 연 15%(대출금리+ 3.0%p)
단, 대출금리가 최고 연체이자율 이상인 겨우 대출금리 + 2.0%","면제
면제","3개월 이상 재직중인 근로소득자, 기타소득자, 개인사업 및 연금을 1회 이상 수령한 연금소득자
CB평점에 상관없이 연소득 3,500만원 이하인 경우
CB평점이 하위 100분의 20에 해당하는 경우로서 연소득 3,500만원초과 4,500만원이하로서 CB평점이 하위 100분의 20에 해당하는 경우(NCB, KCB평점정보 중 하나라도 100분의 20에 해당하는 경우)
3개월 이상 재직중인 근로소득자, 기타소득자, 개인사업 및 연금을 1회 이상 수령한 연금소득자
CB평점에 상관없이 연소득 3,500만원 이하인 경우
CB평점이 하위 100분의 20에 해당하는 경우로서 연소득 3,500만원초과 4,500만원이하로서 CB평점이 하위 100분의 20에 해당하는 경우(NCB, KCB평점정보 중 하나라도 100분의 20에 해당하는 경우)","[본인확인] 실명확인증표(주민등록증, 운전면허증, 여권 등)
[재직확인서류] 사업자등록증 사본, 재직증명서, 근로고용계약서, 위촉증명서 등
[소득확인] 부가가치세과세표준증명원, 소득금액증명원, 신용카드매출자료 등
※ 은행에서 대출 심사 시 필요한 서류를 추가될 수 있습니다.
[본인확인] 실명확인증표(주민등록증, 운전면허증, 여권 등)
 [재직확인서류] 사업자등록증 사본, 재직증명서, 근로고용계약서, 위촉증명서 등
 [소득확인] 부가가치세과세표준증명원, 소득금액증명원, 신용카드매출자료 등
 ※ 은행에서 대출 심사 시 필요한 서류를 추가될 수 있습니다.",,,,,,
기업은행,IBK새희망홀씨II,"3,500만원",정보 없음,정보 없음,6.10%,정보 없음,정보 없음,정보 없음,정보 없음,6.10%,"저소득자, 저신용자 등 금융 거래 취약층을 위한 서민금융지원 상품으로 1금융권 은행에서 신청 가능
저소득자, 저신용자 등 금융 거래 취약층을 위한 서민금융지원 상품으로 1금융권 은행에서 신청 가능","고정금리
변동금리(3개월)
산출기준 : 고정·변동금리, 대출금액 1,000만원, 대출기간 1년
* 대출금리는 시장금리(KORIBOR), 대출조건(기간, 금액) 및 신용등급에 따라 변동될 수 있습니다.
최저 연 5.184% ~ 최고 연 9.5%
【기준금리(KORIBOR 12개월 연 4.50%) + 가산금리(연 2.084% ~연 5.000%) - 금융취약계층 등 우대금리(최고 연 1.4%p)】
【기준금리(KORIBOR 12개월 연 4.50%) + 가산금리(연 2.084% ~연 5.000%) - 금융취약계층 등 우대금리(최고 연 1.4%p)】
최저 연 4.803% ~ 최고 연 9.5%
【기준금리(KORIBOR 3개월 연 3.55%) + 가산금리(연 2.653% ~연 5.950%) - 금융취약계층 등 우대금리(최고 연 1.4%p)】
【기준금리(KORIBOR 3개월 연 3.55%) + 가산금리(연 2.653% ~연 5.950%) - 금융취약계층 등 우대금리(최고 연 1.4%p)】
고정금리
최저 연 5.184% ~ 최고 연 9.5%
【기준금리(KORIBOR 12개월 연 4.50%) + 가산금리(연 2.084% ~연 5.000%) - 금융취약계층 등 우대금리(최고 연 1.4%p)】
 변동금리(3개월)
최저 연 4.803% ~ 최고 연 9.5%
【기준금리(KORIBOR 3개월 연 3.55%) + 가산금리(연 2.653% ~연 5.950%) - 금융취약계층 등 우대금리(최고 연 1.4%p)】
 산출기준 : 고정·변동금리, 대출금액 1,000만원, 대출기간 1년
 * 대출금리는 시장금리(KORIBOR), 대출조건(기간, 금액) 및 신용등급에 따라 변동될 수 있습니다.","매 1년마다 성실상환 시(연체 없이) 0.3% 자동 금리감면 적용
금융취약계층에 대한 우대금리 : 연 최고 1.4%
매 1년마다 성실상환 시(연체 없이) 0.3% 자동 금리감면 적용
금융취약계층에 대한 우대금리 : 연 최고 1.4%","연소득금액 범위 내 최고 3,500만원 이내
전 금융기관 신용대출, 현금서비스, 바꿔드림론 및 대학생·청년 햇살론 포함
연소득금액 범위 내 최고 3,500만원 이내
전 금융기관 신용대출, 현금서비스, 바꿔드림론 및 대학생·청년 햇살론 포함","고정금리, 변동금리(3개월)
고정금리, 변동금리(3개월)","거치기간 없는 매월 원(리)금균등분할상환
단, 만기가 5년을 초과하는 대출은 원금균등분할상환방식만 가능
최대 15년 이내
단, 긴급생계자금의 경우 최대 5년 이내
단, 긴급생계자금의 경우 최대 5년 이내
거치기간 없는 매월 원(리)금균등분할상환
단, 만기가 5년을 초과하는 대출은 원금균등분할상환방식만 가능
최대 15년 이내
단, 긴급생계자금의 경우 최대 5년 이내",영업점,"여신이자율에 연체가산금리 연 3%를 더하여 적용
단, 최고 지연배상금률은 연 11%
여신이자율에 연체가산금리 연 3%를 더하여 적용
단, 최고 지연배상금률은 연 11%","면제
면제","연소득 4,500만원 이내로 다음에 각 1에 해당하는 고객
개인신용평점 기준을 충족하더라도 은행 내부 신용등급 등 기준에 충족하지 못할 경우 상품가입이 제한될 수 있습니다.
대출 제외 대상
① ""연소득 3,500만원 이하""인 고객(개인신용평점(CB점수) 제한없음)
② ""연소득 3,500만원 초과 ~ 4,500만원 이하""로서 개인신용평점(CB점수) 하위 20% 이하(0점 포함)인 고객
③ 사업자등록증 미보유자로서 현장방문을 통해 생계형 업종임이 확인된 고객(이하 '생계형')
⇒ ① 또는 ② 조건 충족
⇒ ① 또는 ② 조건 충족
④ IBK기업은행 거래 상시근로자 10인 미만 소기업에 1년 이상 재직중인 근로자(이하 '소기업 근로자')
⇒ ① 또는 ② 조건 충족
⇒ ① 또는 ② 조건 충족
은행연합회 신용정보 전산망에 연체(3개월 이상 등), 부도, 대위변제, 금융질서 문란정보 및 공공정보(조세, 과태료, 고용보험료 등 체납, 신용회복지원정보(회생, 파산, 면책)가 등재된 자
대출신청일 현재 기업은행 대출금 또는 신용카드 연체 중인 자
재외국민, 외국인, 해외체류자
연소득 4,500만원 이내로 다음에 각 1에 해당하는 고객
① ""연소득 3,500만원 이하""인 고객(개인신용평점(CB점수) 제한없음)
② ""연소득 3,500만원 초과 ~ 4,500만원 이하""로서 개인신용평점(CB점수) 하위 20% 이하(0점 포함)인 고객
③ 사업자등록증 미보유자로서 현장방문을 통해 생계형 업종임이 확인된 고객(이하 '생계형')
⇒ ① 또는 ② 조건 충족
④ IBK기업은행 거래 상시근로자 10인 미만 소기업에 1년 이상 재직중인 근로자(이하 '소기업 근로자')
⇒ ① 또는 ② 조건 충족
 개인신용평점 기준을 충족하더라도 은행 내부 신용등급 등 기준에 충족하지 못할 경우 상품가입이 제한될 수 있습니다.
 대출 제외 대상
은행연합회 신용정보 전산망에 연체(3개월 이상 등), 부도, 대위변제, 금융질서 문란정보 및 공공정보(조세, 과태료, 고용보험료 등 체납, 신용회복지원정보(회생, 파산, 면책)가 등재된 자
대출신청일 현재 기업은행 대출금 또는 신용카드 연체 중인 자
재외국민, 외국인, 해외체류자","재직 및 소득 입증서류
신분증 등
재직 및 소득 입증서류
 신분증 등","최초이자는 여신실행일로부터 1개월 이내에, 그 후의 이자는 납부한 이자의 계산최종일 익일부터 1개월 이내에 납부
최초이자는 여신실행일로부터 1개월 이내에, 그 후의 이자는 납부한 이자의 계산최종일 익일부터 1개월 이내에 납부",,,,,
신한은행,쏠편한 포켓론 (소액 새희망 홀씨),500만원,6.32%,7.47%,6.95%,7.49%,6.91%,6.83%,6.32%,6.76%,,"최저 6.48% ~ 최고 7.48%
대출금액 300만원 / 대출기간 12개월 / 만기일시상환 / 건별거래 / 은행 내부신용등급 3등급 / 신용대출을 가정하여 산출한 예시
최저 6.48% ~ 최고 7.48%
대출금액 300만원 / 대출기간 12개월 / 만기일시상환 / 건별거래 / 은행 내부신용등급 3등급 / 신용대출을 가정하여 산출한 예시","최대 1.0%
급여이체(일정금액 거래시) 0.5%
신한카드(신용 또는 체크) 0.5%
최대 1.0%
 급여이체(일정금액 거래시) 0.5%
 신한카드(신용 또는 체크) 0.5%","최소 50만원 ~ 최대 500만원
최소 50만원 ~ 최대 500만원","변동금리 : 금융채 (1년)
변동금리 : 금융채 (1년)","만기일시상환: 1년
원금균등분할상환: 1년 또는 2년
만기일시상환: 1년
 원금균등분할상환: 1년 또는 2년",모바일,"대출금리 + 3%(최고 15%)
대출금리 + 3%(최고 15%)","면제
면제","연소득 3,500만원 이하 개인(내국인)
신한은행 심사기준을 충족하는 고객
연소득 3,500만원 이하 개인(내국인)
 신한은행 심사기준을 충족하는 고객",,"이자 납입일을 정하여 일정주기(매월 등) 마다 이자를 납입
이자 납입일을 정하여 일정주기(매월 등) 마다 이자를 납입",,,,,
신한은행,신한 새희망홀씨II,"3,500만원",8.25%,정보 없음,7.40%,7.17%,7.84%,7.27%,6.85%,7.28%,"저소득자, 저신용자 등 금융 거래 취약층을 위한 서민금융지원 상품으로 1금융권 은행에서 신청 가능
저소득자, 저신용자 등 금융 거래 취약층을 위한 서민금융지원 상품으로 1금융권 은행에서 신청 가능","최저 6.86% ~ 최고 9.37%
대출금액 3,000만원 / 대출기간 12개월 / 만기일시상환 / 건별거래 / 은행 내부신용등급 3등급 / 전액신용대출을 가정하여 산출한 예시
최저 6.86% ~ 최고 9.37%
대출금액 3,000만원 / 대출기간 12개월 / 만기일시상환 / 건별거래 / 은행 내부신용등급 3등급 / 전액신용대출을 가정하여 산출한 예시","우대플랜1 최대 2.5%
우대플랜2 : 성실상환자에 대한 금리 감면
1) 기초생활수급자, 한부모가정, 다자녀가정(1가구 만20세 미만 3자녀 이상), 다문화가정, 만 60세이상 부모부양자, 장애인 각 0.2% 우대
2) 청년층(만29세이하)/고령자(만65세이상) 0.1%우대
3) 금융교육이수자 0.1% 우대
4) 신한은행 특별지원 1.5% 우대 (~23.12.31까지 한시 적용)
만기일시상환대출
대출연기시 과거 약정기간 중 연체내역이 없는 경우 금리 연도별 연 0.5% 최대 5년간 누적 2.0%까지 우대
대출연기시 과거 약정기간 중 연체내역이 없는 경우 금리 연도별 연 0.5% 최대 5년간 누적 2.0%까지 우대
분할상환대출
약정기간(분기별) 중 연체내역이 없는 경우 분기별 0.15% 최대 2.85%까지 우대
약정기간(분기별) 중 연체내역이 없는 경우 분기별 0.15% 최대 2.85%까지 우대
우대플랜1 최대 2.5%
1) 기초생활수급자, 한부모가정, 다자녀가정(1가구 만20세 미만 3자녀 이상), 다문화가정, 만 60세이상 부모부양자, 장애인 각 0.2% 우대
2) 청년층(만29세이하)/고령자(만65세이상) 0.1%우대
3) 금융교육이수자 0.1% 우대
4) 신한은행 특별지원 1.5% 우대 (~23.12.31까지 한시 적용)
 우대플랜2 : 성실상환자에 대한 금리 감면
만기일시상환대출
대출연기시 과거 약정기간 중 연체내역이 없는 경우 금리 연도별 연 0.5% 최대 5년간 누적 2.0%까지 우대
분할상환대출
약정기간(분기별) 중 연체내역이 없는 경우 분기별 0.15% 최대 2.85%까지 우대","내부신용등급에 따라 소득의 80% ~ 130%까지로 최소 100만원 이상 최대 3,500만원
내부신용등급에 따라 소득의 80% ~ 130%까지로 최소 100만원 이상 최대 3,500만원","변동금리 : 금융채 1년
변동금리 : 금융채 1년","만기일시상환 : 12개월(최장 20년까지 1년 이내 단위로 연장 가능)
원(리)금분할상환 : 12개월 이상 60개월까지(거치기간은 약정기간의 1/3범위내에서 최대 1년까지 가능)
만기일시상환 : 12개월(최장 20년까지 1년 이내 단위로 연장 가능)
 원(리)금분할상환 : 12개월 이상 60개월까지(거치기간은 약정기간의 1/3범위내에서 최대 1년까지 가능)",영업점,"대출금리 + 3%(최고 15%)
대출금리 + 3%(최고 15%)","면제
면제","아래 ①,②의 요건을 모두 충족하는 고객
① 신한은행의 여신심사 기준에 의해 대출 적격자로 판정된 국내거주 국민인 분
② 연소득 3,500만원 이하 또는 개인신용평가회사의 개인신용평점이 하위 20%에 해당하고 연소득 4,500만원 이하인 고객
아래 ①,②의 요건을 모두 충족하는 고객
① 신한은행의 여신심사 기준에 의해 대출 적격자로 판정된 국내거주 국민인 분
② 연소득 3,500만원 이하 또는 개인신용평가회사의 개인신용평점이 하위 20%에 해당하고 연소득 4,500만원 이하인 고객","소득증빙자료
우대플랜1 징구서류
근로소득원천징수영수증, 급여명세서, 세무서 발급 소득금액증명원 등
① 기초생활수급자 확인서류: 수급자 증명서
② 한 부모 가정, 다자녀가정, 만60세이상 부모 부양자 확인서류: 주민등록등본
③ 다문화가정 확인서류:가족관계증명서 등
④ 장애인: 장애인 복지카드(장애인등록증 포함)
⑤ 금융교육이수자: 금융연수원·신용회복위원회·서민금융진흥원에서 발급한 금융교육 이수 수료증
소득증빙자료
근로소득원천징수영수증, 급여명세서, 세무서 발급 소득금액증명원 등
 우대플랜1 징구서류
① 기초생활수급자 확인서류: 수급자 증명서
② 한 부모 가정, 다자녀가정, 만60세이상 부모 부양자 확인서류: 주민등록등본
③ 다문화가정 확인서류:가족관계증명서 등
④ 장애인: 장애인 복지카드(장애인등록증 포함)
⑤ 금융교육이수자: 금융연수원·신용회복위원회·서민금융진흥원에서 발급한 금융교육 이수 수료증","이자 납입일을 정하여 일정주기 (매월 등) 마다 이자를 납입
이자 납입일을 정하여 일정주기 (매월 등) 마다 이자를 납입",,,,,
우리은행,우리 새희망홀씨II(스마트),"3,500만원",10.50%,10.22%,8.46%,7.99%,7.66%,7.42%,7.11%,7.57%,"저소득자, 저신용자 등 금융 거래 취약층을 위한 서민금융지원 상품으로 1금융권 은행에서 신청 가능
저소득자, 저신용자 등 금융 거래 취약층을 위한 서민금융지원 상품으로 1금융권 은행에서 신청 가능","변동금리(1년) : 최저 5.84% ~ 최고 10.50%
고정금리(12개월이상) : 최저 5.81% ~최고 10.50%
대출금액 : 2,000만원 / 기간 : 13개월 / 상환방식 : 원리금균등분할상환 / 은행내부 신용등급 : 1등급기준 / 변동금리
대출금액 : 2,000만원 / 기간 : 12개월 / 상환방식 : 원리금균등분할상환 / 은행내부 신용등급 : 1등급기준 / 고정금리
변동금리(1년) : 최저 5.84% ~ 최고 10.50%
고정금리(12개월이상) : 최저 5.81% ~최고 10.50%
대출금액 : 2,000만원 / 기간 : 13개월 / 상환방식 : 원리금균등분할상환 / 은행내부 신용등급 : 1등급기준 / 변동금리
대출금액 : 2,000만원 / 기간 : 12개월 / 상환방식 : 원리금균등분할상환 / 은행내부 신용등급 : 1등급기준 / 고정금리","다음 각 호의 조건에 해당되는 경우 최대 연 0.5%p 우대금리 적용 가능
금리우대쿠폰(대출 미보유 고객) : 연 0.3%p
청년층(만29세 이하) : 연 0.2%p
고령자(만65세 이상) : 연 0.2%p
다음 각 호의 조건에 해당되는 경우 최대 연 0.5%p 우대금리 적용 가능
금리우대쿠폰(대출 미보유 고객) : 연 0.3%p
청년층(만29세 이하) : 연 0.2%p
고령자(만65세 이상) : 연 0.2%p","최소 100만원 ~ 최대 3,500만원
※ 개인별 내부등급에 따라 연소득에 대한 가중치 차등적용
※ 우리은행 및 다른 금융기관의 신용대출 및 보증채무 금액은 한도에서 차감됨
최소 100만원 ~ 최대 3,500만원
※ 개인별 내부등급에 따라 연소득에 대한 가중치 차등적용
※ 우리은행 및 다른 금융기관의 신용대출 및 보증채무 금액은 한도에서 차감됨","고정금리, 변동금리
고정금리, 변동금리","원(리)금균등분할상환 : 최장 7년이내
원(리)금균등분할상환 : 최장 7년이내",모바일,"적용금리 + 연 3%(최고 연 12%)
적용금리 + 연 3%(최고 연 12%)","면제
면제","다음 각호의 어느 하나에 해당하는 개인 및 개인사업자 고객(※단, 외국인 제외)
※ 내부신용등급 및 연체이력등에 따라 대출 취급이 불가할수 있음
※ 비대면 스크래핑 방식을 활용하여 소득입증이 가능한 개인 및 개인사업자
연소득 3,500만원 이하인 자 & 신용평가회사의 개인신용평점을 보유한 자
연소득 4,500만원 이하인 자 & 신용평가회사의 개인신용평점이 하위 100분의 20에 해당하는자
다음 각호의 어느 하나에 해당하는 개인 및 개인사업자 고객(※단, 외국인 제외)
연소득 3,500만원 이하인 자 & 신용평가회사의 개인신용평점을 보유한 자
연소득 4,500만원 이하인 자 & 신용평가회사의 개인신용평점이 하위 100분의 20에 해당하는자
 ※ 내부신용등급 및 연체이력등에 따라 대출 취급이 불가할수 있음
 ※ 비대면 스크래핑 방식을 활용하여 소득입증이 가능한 개인 및 개인사업자","재직증명서 / 소득증빙자료(원천징수영수증 등) / 신분증 / 그외 기타 대출상담 및 취급시 필요서류
재직증명서 / 소득증빙자료(원천징수영수증 등) / 신분증 / 그외 기타 대출상담 및 취급시 필요서류","분할상환대출 : 분할상환원금 및 이자를 일정주기(매 1개월) 단위로 납부
※ 대출실행 응당일/별도 지정일에 대출금 입금계좌/자동등록계좌에서 자동이체 처리
분할상환대출 : 분할상환원금 및 이자를 일정주기(매 1개월) 단위로 납부
※ 대출실행 응당일/별도 지정일에 대출금 입금계좌/자동등록계좌에서 자동이체 처리",,,,,
하나은행,하나 새희망홀씨II,"3,500만원",7.53%,7.76%,8.88%,8.29%,8.03%,7.48%,6.92%,7.72%,"저소득자, 저신용자 등 금융 거래 취약층을 위한 서민금융지원 상품으로 1금융권 은행에서 신청 가능
저소득자, 저신용자 등 금융 거래 취약층을 위한 서민금융지원 상품으로 1금융권 은행에서 신청 가능","6.369% ~ 7.369%
대출기간 1년, 하나은행 내부 신용등급 3등급인 고객에게 적용하는 금리
6.369% ~ 7.369%
대출기간 1년, 하나은행 내부 신용등급 3등급인 고객에게 적용하는 금리","최대 1.0%
<부수거래 항목별 감면금리>
<기타감면 항목별 감면금리>
① 각 0.1% : 청년층(만29세 이하), 고령자(만65세 이상), 장애인, 금융교육 이수자
② 각 0.2% : 기초생활수급권자, 한부모가정, 다문화가정, 만60세 이상 부모부양자, 만19세 미만 2자녀 가정
③ 0.4% : 만19세 미만 3자녀 이상 가정
급여이체(0.3%), 주택청약종합저축납입(0.2%), 제휴카드결제, 기타자동이체, 적금상품납입, 하나원큐이체(각 0.1%)
최대 1.0%
 <부수거래 항목별 감면금리>
급여이체(0.3%), 주택청약종합저축납입(0.2%), 제휴카드결제, 기타자동이체, 적금상품납입, 하나원큐이체(각 0.1%)
 <기타감면 항목별 감면금리>
① 각 0.1% : 청년층(만29세 이하), 고령자(만65세 이상), 장애인, 금융교육 이수자
② 각 0.2% : 기초생활수급권자, 한부모가정, 다문화가정, 만60세 이상 부모부양자, 만19세 미만 2자녀 가정
③ 0.4% : 만19세 미만 3자녀 이상 가정","최저 100만원 ~ 최대 3,500만원
최저 100만원 ~ 최대 3,500만원","1년물 금융채 유통수익률
1년물 금융채 유통수익률","원(리)금 균등분할상환 : 5년 이내
부분 원(리)금 균등분할상환(만기상환액은 대출금의 30% 이내) : 5년 이내
원(리)금 균등분할상환 : 5년 이내
 부분 원(리)금 균등분할상환(만기상환액은 대출금의 30% 이내) : 5년 이내","모바일,인터넷","대출금리+3%(최대 15%)
대출금리+3%(최대 15%)","면제
면제","대출신청일 기준 하나은행 여신심사에 의해 대출 적격으로 판정된 1개월 이상 근로소득, 사업소득, 연금소득이 있는 손님으로서 연소득 3,500만원 이하 또는 CB신용평점 하위 20%의 경우 연소득 4,500만원 이하인 손님을 대상으로 한다. 이 경우 CB신용평점은 KCB CB평점, NICE CB평점 중 낮은 점수를 적용한다.
단, 하나원큐 새희망홀씨II는 신청일 기준 6개월 이상의 근로소득이 있는 자만 가능하다.
대출신청일 기준 하나은행 여신심사에 의해 대출 적격으로 판정된 1개월 이상 근로소득, 사업소득, 연금소득이 있는 손님으로서 연소득 3,500만원 이하 또는 CB신용평점 하위 20%의 경우 연소득 4,500만원 이하인 손님을 대상으로 한다. 이 경우 CB신용평점은 KCB CB평점, NICE CB평점 중 낮은 점수를 적용한다.
단, 하나원큐 새희망홀씨II는 신청일 기준 6개월 이상의 근로소득이 있는 자만 가능하다.","재직 및 소득서류
(상담 시 추가 제출서류가 있을 수 있습니다.)
재직 및 소득서류
(상담 시 추가 제출서류가 있을 수 있습니다.)",,,,,,
우리은행,우리 새희망홀씨II,"3,500만원",7.76%,정보 없음,8.79%,8.41%,7.74%,7.84%,7.33%,7.79%,"저소득자, 저신용자 등 금융 거래 취약층을 위한 서민금융지원 상품으로 1금융권 은행에서 신청 가능
저소득자, 저신용자 등 금융 거래 취약층을 위한 서민금융지원 상품으로 1금융권 은행에서 신청 가능","고정금리(12개월이상) : 최저 5.31% ~ 최고 10.50%
대출금액 : 2,000만원 / 기간 : 12개월 / 상환방식 : 원리금균등분할상환 / 은행내부 신용등급 : 1등급기준 / 고정금리
고정금리(12개월이상) : 최저 5.31% ~ 최고 10.50%
대출금액 : 2,000만원 / 기간 : 12개월 / 상환방식 : 원리금균등분할상환 / 은행내부 신용등급 : 1등급기준 / 고정금리","다음 각 호의 조건에 해당되는 경우 최대 연 1.0%p 우대금리 적용 가능
다문화 가정 : 연 0.3%p
60세 이상 부모 부양자 : 연 0.3%p
기초생활수급권자 : 연 0.3%p
3자녀 이상 : 연 0.3%p
한부모 가정 : 연 0.3%p
장애인 : 연 0.3%p
금리우대쿠폰(대출 미보유 고객) : 연 0.3%p
청년층(만29세 이하) : 연 0.2%p
고령자(만65세 이상) : 연 0.2%p
금융교육이수자 : 연 0.1%p
일용직 근로자 : 연 0.1%p
다음 각 호의 조건에 해당되는 경우 최대 연 1.0%p 우대금리 적용 가능
다문화 가정 : 연 0.3%p
60세 이상 부모 부양자 : 연 0.3%p
기초생활수급권자 : 연 0.3%p
3자녀 이상 : 연 0.3%p
한부모 가정 : 연 0.3%p
장애인 : 연 0.3%p
금리우대쿠폰(대출 미보유 고객) : 연 0.3%p
청년층(만29세 이하) : 연 0.2%p
고령자(만65세 이상) : 연 0.2%p
금융교육이수자 : 연 0.1%p
일용직 근로자 : 연 0.1%p","최소 100만원 ~ 최대 3,500만원
※ 개인별 내부등급에 따라 연소득에 대한 가중치 차등적용
※ 우리은행 및 다른 금융기관의 신용대출 및 보증채무 금액은 한도에서 차감됨
최소 100만원 ~ 최대 3,500만원
※ 개인별 내부등급에 따라 연소득에 대한 가중치 차등적용
※ 우리은행 및 다른 금융기관의 신용대출 및 보증채무 금액은 한도에서 차감됨","고정금리
고정금리","원(리)금균등분할상환 : 최장 7년이내
원(리)금균등분할상환 : 최장 7년이내",영업점,"적용금리 + 연 3%(최고 연 12%)
적용금리 + 연 3%(최고 연 12%)","면제
면제","다음 각호의 어느 하나에 해당하는 개인 및 개인사업자 고객(※단, 외국인 제외)
※ 내부신용등급 및 연체이력등에 따라 대출 취급이 불가할수 있음
연소득 3,500만원 이하인 자 & 신용평가회사의 개인신용평점을 보유한 자
연소득 4,500만원 이하인 자 & 신용평가회사의 개인신용평점이 하위 100분의 20에 해당하는자
다음 각호의 어느 하나에 해당하는 개인 및 개인사업자 고객(※단, 외국인 제외)
연소득 3,500만원 이하인 자 & 신용평가회사의 개인신용평점을 보유한 자
연소득 4,500만원 이하인 자 & 신용평가회사의 개인신용평점이 하위 100분의 20에 해당하는자
 ※ 내부신용등급 및 연체이력등에 따라 대출 취급이 불가할수 있음","본인확인서류 : 주민등록증, 운전면허증 등
재직확인서류 : 재직증명서, 재직확인서, 건강보험자격득실 확인서 등
소득확인자료 : 소득금액증명원, 근로소득원천징수영수증, 급여통장, 건강보험료 납부내역 등
그외 기타 대출상담 및 취급시 필요서류
※ 일용직 근로자의 경우 : 근로고용계약서, 일용근로소득지급명세서, 급여통장
본인확인서류 : 주민등록증, 운전면허증 등
 재직확인서류 : 재직증명서, 재직확인서, 건강보험자격득실 확인서 등
 소득확인자료 : 소득금액증명원, 근로소득원천징수영수증, 급여통장, 건강보험료 납부내역 등
 그외 기타 대출상담 및 취급시 필요서류
 ※ 일용직 근로자의 경우 : 근로고용계약서, 일용근로소득지급명세서, 급여통장","분할상환대출 : 분할상환원금 및 이자를 일정주기(매 1개월) 단위로 납부
분할상환대출 : 분할상환원금 및 이자를 일정주기(매 1개월) 단위로 납부",,,,,
전북은행,JB 새희망홀씨II 대출,"3,500만원",정보 없음,정보 없음,정보 없음,8.73%,7.69%,7.75%,정보 없음,8.11%,"저소득자, 저신용자 등 금융 거래 취약층을 위한 서민금융지원 상품으로 1금융권 은행에서 신청 가능
저소득자, 저신용자 등 금융 거래 취약층을 위한 서민금융지원 상품으로 1금융권 은행에서 신청 가능","최저 연 5.54% ~ 최고 연 10.50%
대출금액 1,000만원, 분할상환 5년 기준
최저 연 5.54% ~ 최고 연 10.50%
대출금액 1,000만원, 분할상환 5년 기준","우대금리 : 최고 연 1.50% (금융소외계층 최고 1.00% / 성실상환우대 최고 0.50%)
* 취급당시 금융소외계층 우대 적용 / 취급 후 1년 경과시 성실상환우대 추가 적용
※ 상기 대출 금리는 기준일 현재의 적용금리이며, 기준금리 변동시 금리가 변동될 수 있습니다.
우대금리 : 최고 연 1.50% (금융소외계층 최고 1.00% / 성실상환우대 최고 0.50%)
* 취급당시 금융소외계층 우대 적용 / 취급 후 1년 경과시 성실상환우대 추가 적용
※ 상기 대출 금리는 기준일 현재의 적용금리이며, 기준금리 변동시 금리가 변동될 수 있습니다.","동일인별 최소 100만원 이상 최대 3,500만원 이내 (10만원 단위)
동일인별 최소 100만원 이상 최대 3,500만원 이내 (10만원 단위)",,"원금균등분할상환, 원리금균등분할상환 : 1년 ~ 5년
원금균등분할상환, 원리금균등분할상환 : 1년 ~ 5년","모바일,인터넷,영업점","약정이자율 + 3%(최고 15%)
약정이자율 + 3%(최고 15%)","면제
면제","다음의 조건을 모두 충족하는 개인(개인사업자 포함)
전북은행 신용등급(결합) 7등급 이상
재직조건
급여소득자 : 현 직장 재직기간 3개월 이상
사업소득자 : 사업영위기간 6개월 이상
연금소득자 : 연금수령 1회이상(다만, 4대 공적연금(국민연금,공무원연금,군인연금,사학연금)에 한함
급여소득자 : 현 직장 재직기간 3개월 이상
사업소득자 : 사업영위기간 6개월 이상
연금소득자 : 연금수령 1회이상(다만, 4대 공적연금(국민연금,공무원연금,군인연금,사학연금)에 한함
소득조건
연소득 3,500만원 이하 (다만, 개인신용평가회사의 개인 신용평점이 하위 100분의 20에 해당하는 자는 연소득 4,500만원 이하)
연소득 3,500만원 이하 (다만, 개인신용평가회사의 개인 신용평점이 하위 100분의 20에 해당하는 자는 연소득 4,500만원 이하)
다음의 조건을 모두 충족하는 개인(개인사업자 포함)
전북은행 신용등급(결합) 7등급 이상
재직조건
급여소득자 : 현 직장 재직기간 3개월 이상
사업소득자 : 사업영위기간 6개월 이상
연금소득자 : 연금수령 1회이상(다만, 4대 공적연금(국민연금,공무원연금,군인연금,사학연금)에 한함
소득조건
연소득 3,500만원 이하 (다만, 개인신용평가회사의 개인 신용평점이 하위 100분의 20에 해당하는 자는 연소득 4,500만원 이하)","공통서류 : 주민등록등・초본, 후견등기사항부존재증명서
직장 및 소득 서류(대출신청일 기준 1개월 이내 발급분)
인증서를 이용해 대출에 필요한 증빙서류를 제출합니다.
① 급여소득자 : 재직증명서, 근로소득증빙서류
② 사업소득자 : 사업자등록증, 사업소득증빙서류
③ 연금소득자 : 연금수급권자확인서, 연금수령증명서
공통서류 : 주민등록등・초본, 후견등기사항부존재증명서
 직장 및 소득 서류(대출신청일 기준 1개월 이내 발급분)
① 급여소득자 : 재직증명서, 근로소득증빙서류
② 사업소득자 : 사업자등록증, 사업소득증빙서류
③ 연금소득자 : 연금수급권자확인서, 연금수령증명서
 인증서를 이용해 대출에 필요한 증빙서류를 제출합니다.",,,,,,
신한은행,쏠편한 새희망홀씨 대출,"3,500만원",9.42%,7.35%,8.60%,8.26%,8.40%,8.12%,7.47%,8.13%,"저소득자, 저신용자 등 금융 거래 취약층을 위한 서민금융지원 상품으로 1금융권 은행에서 신청 가능
저소득자, 저신용자 등 금융 거래 취약층을 위한 서민금융지원 상품으로 1금융권 은행에서 신청 가능","최저 7.87% ~ 최고 9.37%
대출금액 3,000만원 / 대출기간 12개월 / 만기일시상환 / 건별거래 / 은행 내부신용등급 3등급 / 전액신용대출을 가정하여 산출한 예시
최저 7.87% ~ 최고 9.37%
대출금액 3,000만원 / 대출기간 12개월 / 만기일시상환 / 건별거래 / 은행 내부신용등급 3등급 / 전액신용대출을 가정하여 산출한 예시","신한은행 특별지원 1.5% 우대(~23.12.31까지 한시 적용)
성실상환자에 대한 금리감면 최대 2.85%
만기일시상환대출 : 대출연기 시 과거 약정기간 중 연체내역이 없는 경우 금리 연도별 0.5% 최대 5년간 누적 2.0%까지 우대
분할상환대출 : 약정기간(분기별) 중 연체내역이 없는 경우 분기별 0.15% 최대 2.85%까지 우대
신한은행 특별지원 1.5% 우대(~23.12.31까지 한시 적용)
 성실상환자에 대한 금리감면 최대 2.85%
만기일시상환대출 : 대출연기 시 과거 약정기간 중 연체내역이 없는 경우 금리 연도별 0.5% 최대 5년간 누적 2.0%까지 우대
분할상환대출 : 약정기간(분기별) 중 연체내역이 없는 경우 분기별 0.15% 최대 2.85%까지 우대","최대 3,500만원
최대 3,500만원","변동금리 : 금융채 1년
변동금리 : 금융채 1년","만기일시상환: 1년
원금분할상환: 1년~5년
대출만기 도래 시 은행의 심사 결과에 따라 대출금 상환 또는 대출기한 연기가능 하며 1년 단위로 최장 20년까지 연장가능합니다. (만기일시상환 방식 해당)
만기일시상환: 1년
대출만기 도래 시 은행의 심사 결과에 따라 대출금 상환 또는 대출기한 연기가능 하며 1년 단위로 최장 20년까지 연장가능합니다. (만기일시상환 방식 해당)
 원금분할상환: 1년~5년",모바일,"대출금리 + 3%(최고 15%)
대출금리 + 3%(최고 15%)","면제
면제","6개월 이상 재직중인 직장인
만 19세 이상 내국인
납부한 건강보험료로 추정한 연소득과 개인신용평점이 다음 중 한 가지를 충족하는 고객
신한은행 심사기준을 충족하는 고객
다음에 해당되는 경우 대출대상에서 제외 됨
① 연환산소득 3,500만원 이하
② 연환산소득 3,500만원 초과 4,500만원 이하 & 개인신용평가회사의 개인신용평점이 하위 20%에 해당
직장인으로 건강보험료를 납입 중인 고객
현재 보유하고 있는 대출금액이 3,000만원을 초과하는 고객 (신청건 및 담보대출 제외)
은행연합회 신용정보전산망에 신용도 판단정보 및 공공 정보가 등재된 고객
재외국민, 외국인, 해외체류자
6개월 이상 재직중인 직장인
 만 19세 이상 내국인
 납부한 건강보험료로 추정한 연소득과 개인신용평점이 다음 중 한 가지를 충족하는 고객
① 연환산소득 3,500만원 이하
② 연환산소득 3,500만원 초과 4,500만원 이하 & 개인신용평가회사의 개인신용평점이 하위 20%에 해당
직장인으로 건강보험료를 납입 중인 고객
 신한은행 심사기준을 충족하는 고객
 다음에 해당되는 경우 대출대상에서 제외 됨
현재 보유하고 있는 대출금액이 3,000만원을 초과하는 고객 (신청건 및 담보대출 제외)
은행연합회 신용정보전산망에 신용도 판단정보 및 공공 정보가 등재된 고객
재외국민, 외국인, 해외체류자","대출진행 시, 서류제출이 필요할 수 있습니다.
소득 및 재직을 자동으로 확인할 수 없는 경우 '건강보험공단'의 건강보험자격득실확인서, 건강장기요양보험료 납부확인서 등이 필요합니다.
대출진행 시, 서류제출이 필요할 수 있습니다.
소득 및 재직을 자동으로 확인할 수 없는 경우 '건강보험공단'의 건강보험자격득실확인서, 건강장기요양보험료 납부확인서 등이 필요합니다.","이자 납입일을 정하여 일정주기(매월 등) 마다 이자를 납입
이자 납입일을 정하여 일정주기(매월 등) 마다 이자를 납입",,,,,
농협은행,NH모바일새희망홀씨II,"3,500만원",정보 없음,8.71%,9.15%,8.85%,8.37%,8.10%,7.20%,8.35%,"저소득자, 저신용자 등 금융 거래 취약층을 위한 서민금융지원 상품으로 1금융권 은행에서 신청 가능
저소득자, 저신용자 등 금융 거래 취약층을 위한 서민금융지원 상품으로 1금융권 은행에서 신청 가능","금융채(6개월) 변동 : 최저 7.59% ~ 최고 7.79%
가계일반자금대출, 대출금액 3,000만원, 신용등급 1등급, 대출기간 5년, 분할상환방식 기준
금융채(6개월) 변동 : 최저 7.59% ~ 최고 7.79%
가계일반자금대출, 대출금액 3,000만원, 신용등급 1등급, 대출기간 5년, 분할상환방식 기준","우대금리 : 최고 0.2%p 우대
※ 대출 신청 시 적용된 우대금리는 대출만기까지 적용되고, 기한연기, 금리인하요구 및 조건변경의 금리 재산출 시 우대금리가 변경될 수 있습니다.
※ 대출금리는 고객 신용등급, 거래실적, 대출조건 등에 따라 차등 적용될 수 있습니다. 금리관련 자세한 사항은 NH농협은행 고객행복센터(Tel. 1661-3000) 직원과 상담하시기 바랍니다.
청년층(만29세 이하) 또는 고령자(만65세 이상) 우대 : 0.20%p
우대금리 : 최고 0.2%p 우대
청년층(만29세 이하) 또는 고령자(만65세 이상) 우대 : 0.20%p
 ※ 대출 신청 시 적용된 우대금리는 대출만기까지 적용되고, 기한연기, 금리인하요구 및 조건변경의 금리 재산출 시 우대금리가 변경될 수 있습니다.
 ※ 대출금리는 고객 신용등급, 거래실적, 대출조건 등에 따라 차등 적용될 수 있습니다. 금리관련 자세한 사항은 NH농협은행 고객행복센터(Tel. 1661-3000) 직원과 상담하시기 바랍니다.","최대 3,500만원
개인의 신용, 상환능력 및 부채현황 등에 따라 은행 신용평가시스템에서 산출한 한도로 차등 적용합니다.
최소 대출신청 가능금액은 100만원 이상 대출 신청 가능합니다.(10만원 단위)
최대 3,500만원
개인의 신용, 상환능력 및 부채현황 등에 따라 은행 신용평가시스템에서 산출한 한도로 차등 적용합니다.
최소 대출신청 가능금액은 100만원 이상 대출 신청 가능합니다.(10만원 단위)","변동금리
변동금리","원(리)금균등할부상환 : 1년 이상 5년 이내(거치기간 없음)
원(리)금균등할부상환 : 1년 이상 5년 이내(거치기간 없음)",모바일,"지연배상금률은 연체기간에 관계없이 연체일수×(채무자 대출금리+ 3%)÷365(윤년은 366)로 적용하되, 지연배상금률이 연 15%를 초과하는 경우에는 연 15%를 적용합니다.
지연배상금률은 연체기간에 관계없이 연체일수×(채무자 대출금리+ 3%)÷365(윤년은 366)로 적용하되, 지연배상금률이 연 15%를 초과하는 경우에는 연 15%를 적용합니다.","면제
면제","대출신청일 현재 6개월 이상 계속 재직하고 있고, 다음 조건 중 하나를 만족하는 고객
※ 국민건강보험공단 자격득실확인서 기준 재직기간 6개월 이상인 직장인 근로자
※ 국민건강보험공단 보험료 납부확인서에 의한 납부보험료로 추정한 연환산소득 기준
※ 대출신청일 현재 동일사업장 국민건강보험 가입이력이 6개월 이상이어야 하며, 자격유지 기준 변동사항(휴직, 이직, 합병 등)이 있는 경우에는 신청이 불가합니다.
① 연소득 4,500만원 이하이면서 개인신용평가회사(KCB 또는 NICE)가 산정한 개인신용평점이 하위 100분의 20에 해당하는 자
② 연소득 3,500만원 이하
대출신청일 현재 6개월 이상 계속 재직하고 있고, 다음 조건 중 하나를 만족하는 고객
① 연소득 4,500만원 이하이면서 개인신용평가회사(KCB 또는 NICE)가 산정한 개인신용평점이 하위 100분의 20에 해당하는 자
② 연소득 3,500만원 이하
 ※ 국민건강보험공단 자격득실확인서 기준 재직기간 6개월 이상인 직장인 근로자
 ※ 국민건강보험공단 보험료 납부확인서에 의한 납부보험료로 추정한 연환산소득 기준
 ※ 대출신청일 현재 동일사업장 국민건강보험 가입이력이 6개월 이상이어야 하며, 자격유지 기준 변동사항(휴직, 이직, 합병 등)이 있는 경우에는 신청이 불가합니다.","국민건강보험공단 자격득실확인서
국민건강보험공단 보험료 납부확인서
※ 공동인증서가 있는 스마트폰에서 공동인증서 비밀번호를 입력하면 자동 제출이 가능합니다.
국민건강보험공단 자격득실확인서
 국민건강보험공단 보험료 납부확인서
 ※ 공동인증서가 있는 스마트폰에서 공동인증서 비밀번호를 입력하면 자동 제출이 가능합니다.","대출 신규 시 원하는 날짜로 이체일자를 지정하여, 매월 납입합니다. 단, 신규일자가 아닌 날로 지정할 경우, 돌아오는 해당일에 바로 납입하게 되니 유의하시기 바랍니다. 예) 신규일자 9/10, 이체일자 20일 지정 시, 최초 납입일 9/20)
직전 이자납입일(또는 신규일)부터 이자납입일 전일까지의 대출잔액에 대출금리를 곱하여 이자를 계산합니다. 자세한 사항은 상품설명서 및 대출거래 약정서를 참고하시기 바랍니다.
대출 이자는 매월 이자납입일(휴일이면 다음 영업일)에 자동이체 계좌에서 자동 출금됩니다. 지급가능금액이 부족한 경우, 연체 이자가 발생할 수 있으므로 상환자금을 해당일 중 입금하시거나 휴일에도 인터넷/스마트뱅킹에서 직접 상환할 수 있습니다.
대출 신규 시 원하는 날짜로 이체일자를 지정하여, 매월 납입합니다. 단, 신규일자가 아닌 날로 지정할 경우, 돌아오는 해당일에 바로 납입하게 되니 유의하시기 바랍니다. 예) 신규일자 9/10, 이체일자 20일 지정 시, 최초 납입일 9/20)
 직전 이자납입일(또는 신규일)부터 이자납입일 전일까지의 대출잔액에 대출금리를 곱하여 이자를 계산합니다. 자세한 사항은 상품설명서 및 대출거래 약정서를 참고하시기 바랍니다.
 대출 이자는 매월 이자납입일(휴일이면 다음 영업일)에 자동이체 계좌에서 자동 출금됩니다. 지급가능금액이 부족한 경우, 연체 이자가 발생할 수 있으므로 상환자금을 해당일 중 입금하시거나 휴일에도 인터넷/스마트뱅킹에서 직접 상환할 수 있습니다.",,,,,
부산은행,새희망홀씨II,"3,500만원",정보 없음,정보 없음,8.76%,8.95%,8.99%,8.50%,7.77%,8.55%,"저소득자, 저신용자 등 금융 거래 취약층을 위한 서민금융지원 상품으로 1금융권 은행에서 신청 가능
저소득자, 저신용자 등 금융 거래 취약층을 위한 서민금융지원 상품으로 1금융권 은행에서 신청 가능","최저 연 6.54%
기본금리 : 기준금리 + 8.00%
가산금리
(최저금리는 신규취급액기준COFIX 변동금리 적용, 최대 우대금리 5.80% 모두 적용 및 가산금리 미적용하는 경우)
1. 신용평점에 따라 최대 연 1.80%
2. 부산은행 내부등급에 따라 최대 연 0.20%
최저 연 6.54%
(최저금리는 신규취급액기준COFIX 변동금리 적용, 최대 우대금리 5.80% 모두 적용 및 가산금리 미적용하는 경우)
 기본금리 : 기준금리 + 8.00%
 가산금리
1. 신용평점에 따라 최대 연 1.80%
2. 부산은행 내부등급에 따라 최대 연 0.20%","최대 5.8%
1. 기본 감면금리 최대 연 0.80%
2. 신용평점에 따라 최대 연 4.00%
3. 특별 감면금리(비대면 채널 적용 불가) 최대 연 1.00%
1) 부산은행 급여이체 0.30%
2) 새희망홀씨 서민금융상담행사 신청 고객(비대면 채널 적용 불가) 0.50%
최대 5.8%
 1. 기본 감면금리 최대 연 0.80%
1) 부산은행 급여이체 0.30%
2) 새희망홀씨 서민금융상담행사 신청 고객(비대면 채널 적용 불가) 0.50%
 2. 신용평점에 따라 최대 연 4.00%
 3. 특별 감면금리(비대면 채널 적용 불가) 최대 연 1.00%","최소 400만원 ~ 최대 3,500만원
최소 400만원 ~ 최대 3,500만원","변동금리 : 신규취급액기준(COFIX)
변동금리 : 신규취급액기준(COFIX)","만기일시상환방식 : 6개월 이상 ~ 1년 이내
원금균등, 원리금균등 상환방식대출 : 1년 초과 ~ 7년 이내
※65세이상의 경우 대출만기는 3년으로 제한
만기일시상환방식 : 6개월 이상 ~ 1년 이내
 원금균등, 원리금균등 상환방식대출 : 1년 초과 ~ 7년 이내
 ※65세이상의 경우 대출만기는 3년으로 제한","모바일,영업점","대출금리+연 3%(최고 연 15%)
대출금리+연 3%(최고 연 15%)","면제
면제","공통
급여소득자 : 3개월 이상
개인사업자 : 3개월 이상
연금소득자 : 연금 1회 이상 수령
연소득 3,500만원 이하 또는
연소득 3,500만원 초과 ~ 4,500만원 이하인 자 중 신용평점 NICE 744점 이하 또는 KCB 700점 이하
공적연금(국민연금, 공무원연금, 군인연금, 사학연금)만 가능하며, 기초연금은 불가.
단, 비대면 채널은 국민연금 限
공통
연소득 3,500만원 이하 또는
연소득 3,500만원 초과 ~ 4,500만원 이하인 자 중 신용평점 NICE 744점 이하 또는 KCB 700점 이하
 급여소득자 : 3개월 이상
 개인사업자 : 3개월 이상
 연금소득자 : 연금 1회 이상 수령
공적연금(국민연금, 공무원연금, 군인연금, 사학연금)만 가능하며, 기초연금은 불가.
단, 비대면 채널은 국민연금 限","본인 확인서류 (주민등록증, 운전면허증 등)
재직(사업) 확인서류 (재직증명서, 사업자등록증 등)
소득 확인서류 (최근연도 연말정산용 근로소득 원천징수영수증, 세무서(홈택스) 발급 소득금액증명원, 연금수급권자 확인서 또는 연금수령 확인이 가능한 지급기관의 증명서 등)
기타 확인서류 (금융교육이수 증빙서류, 금융거래확인서 등)
※ 모바일 대출심사 시 공인인증서가 있는 스마트폰에서 공인인증서 비밀번호 입력으로 자동 제출이 가능합니다.
본인 확인서류 (주민등록증, 운전면허증 등)
 재직(사업) 확인서류 (재직증명서, 사업자등록증 등)
 소득 확인서류 (최근연도 연말정산용 근로소득 원천징수영수증, 세무서(홈택스) 발급 소득금액증명원, 연금수급권자 확인서 또는 연금수령 확인이 가능한 지급기관의 증명서 등)
 기타 확인서류 (금융교육이수 증빙서류, 금융거래확인서 등)
 ※ 모바일 대출심사 시 공인인증서가 있는 스마트폰에서 공인인증서 비밀번호 입력으로 자동 제출이 가능합니다.",,,,,,
국민은행,KB 새희망홀씨II,"3,500만원",9.70%,10.26%,10.09%,9.96%,9.77%,9.30%,8.62%,9.79%,"저소득자, 저신용자 등 금융 거래 취약층을 위한 서민금융지원 상품으로 1금융권 은행에서 신청 가능
저소득자, 저신용자 등 금융 거래 취약층을 위한 서민금융지원 상품으로 1금융권 은행에서 신청 가능","연 7.88%∼연 8.88%
대출기간 2년 미만, 신용등급 3등급, 2022.10.04 기준
연 7.88%∼연 8.88%
대출기간 2년 미만, 신용등급 3등급, 2022.10.04 기준","최고 연 1.0%p
아래 항목당 연 0.5%p 우대
아래 항목당 연 0.1%p 우대
성실상환고객 금리우대
① 기초생활수급권자
② 한부모가정
③ 다문화가정
④ 만 20세 미만인 자녀를 3명 이상 부양고객
⑤ 만 60세 이상인 부모를 부양고객
⑥「맞춤형서민금융상담」참여고객
⑦ 등록 장애인
① 만 29세 이하인 고객
② 만 65세 이상인 고객
③ 금융교육이수자
※ 서민금융진흥원, 한국금융연수원, 신용교육원에서 진행
※ 서민금융진흥원, 한국금융연수원, 신용교육원에서 진행
금리산정기간(12개월) 동안 납입지연일수가 없는 고객 연 0.3%p씩 금리인하
최고 연 1.0%p
 아래 항목당 연 0.5%p 우대
① 기초생활수급권자
② 한부모가정
③ 다문화가정
④ 만 20세 미만인 자녀를 3명 이상 부양고객
⑤ 만 60세 이상인 부모를 부양고객
⑥「맞춤형서민금융상담」참여고객
⑦ 등록 장애인
 아래 항목당 연 0.1%p 우대
① 만 29세 이하인 고객
② 만 65세 이상인 고객
③ 금융교육이수자
※ 서민금융진흥원, 한국금융연수원, 신용교육원에서 진행
 성실상환고객 금리우대
금리산정기간(12개월) 동안 납입지연일수가 없는 고객 연 0.3%p씩 금리인하","무보증대출 : 최대 3,500만원
※ 대출한도는 소득금액 또는 환산인정소득금액에 따라 차등 적용
무보증대출 : 최대 3,500만원
※ 대출한도는 소득금액 또는 환산인정소득금액에 따라 차등 적용","변동금리 : 금융채12개월
변동금리 : 금융채12개월","원금균등 또는 원리금균등 분할상환 : 최저1년 이상 최장7년 이내(거치기간 설정불가)
원금균등 또는 원리금균등 분할상환 : 최저1년 이상 최장7년 이내(거치기간 설정불가)","모바일,인터넷,영업점","대출이자율 + 3% (최고 연 15%)
※ 단, 대출이자율이 최고 연체이자율 이상인 경우 대출이자율 + 연 2.0%p
대출이자율 + 3% (최고 연 15%)
※ 단, 대출이자율이 최고 연체이자율 이상인 경우 대출이자율 + 연 2.0%p","면제
면제","개인신용평가시스템(CSS)에 의해 대출적격자로 판정된 국내거주 국민으로서 연간소득 3,500만원 이하[다만, 개인신용평점 하위 20% 이하인 경우에는 연간소득 4,500만원 이하] 이고 다음 각 항목 중 하나에 해당하는 고객
①증빙소득서류 제출자 (직업 및 소득 확인서류 등으로 증빙된 소득)
②국민연금보험료 또는 지역건강보험료(세대주에 한함) 3개월 이상 정상 납부액 기준으로 소득금액이 산출되는 고객
개인신용평가시스템(CSS)에 의해 대출적격자로 판정된 국내거주 국민으로서 연간소득 3,500만원 이하[다만, 개인신용평점 하위 20% 이하인 경우에는 연간소득 4,500만원 이하] 이고 다음 각 항목 중 하나에 해당하는 고객
①증빙소득서류 제출자 (직업 및 소득 확인서류 등으로 증빙된 소득)
②국민연금보험료 또는 지역건강보험료(세대주에 한함) 3개월 이상 정상 납부액 기준으로 소득금액이 산출되는 고객","본인 신분증 (주민등록증, 자동차운전면허증, 국내에서 발행한 여권 등)
주민등록등본 (지역건강보험가입자 세대주 또는 노부모,다자녀 증빙 시)
근로소득자 [(재직증명서, 직장가입자용 건강보험증 중 택 1), (소득금액증명원, 근로소득원천징수 영수증 중 택 1)]
자영업자 [사업자등록증명원, 소득금액증명원 등]
기타 ( )
본인 신분증 (주민등록증, 자동차운전면허증, 국내에서 발행한 여권 등)
 주민등록등본 (지역건강보험가입자 세대주 또는 노부모,다자녀 증빙 시)
 근로소득자 [(재직증명서, 직장가입자용 건강보험증 중 택 1), (소득금액증명원, 근로소득원천징수 영수증 중 택 1)]
 자영업자 [사업자등록증명원, 소득금액증명원 등]
 기타 ( )",,,,,,
광주은행,KJB 새희망홀씨II(대환),"3,500만원",정보 없음,정보 없음,10.50%,정보 없음,정보 없음,9.50%,정보 없음,10.16%,"저소득자, 저신용자 등 금융 거래 취약층을 위한 서민금융지원 상품으로 1금융권 은행에서 신청 가능
저소득자, 저신용자 등 금융 거래 취약층을 위한 서민금융지원 상품으로 1금융권 은행에서 신청 가능","최저 6.99%
※ KCB 개인신용평점 955점 이상 & NICE 개인신용평점 947점 이상, 광주은행 자체신용등급 1등급 기준, 교육세포함
최저 6.99%
※ KCB 개인신용평점 955점 이상 & NICE 개인신용평점 947점 이상, 광주은행 자체신용등급 1등급 기준, 교육세포함",,"대환대상 대출원금 내에서 최대 3,500만원 (이자 및 수수료 미포함)
전 금융기관 “새희망홀씨” 대출금을 합산하여 3,500만원 초과 불가
대환대상 대출원금 내에서 최대 3,500만원 (이자 및 수수료 미포함)
전 금융기관 “새희망홀씨” 대출금을 합산하여 3,500만원 초과 불가","변동금리 : 신잔액 COFIX 12개월
변동금리 : 신잔액 COFIX 12개월","원금균등분할상환대출 : 최대 5년 이내(거치기간 없음)
원금균등분할상환대출 : 최대 5년 이내(거치기간 없음)",영업점,"대출금리+3%(최고 15%)
대출금리+3%(최고 15%)","면제
면제","성년(성년의제 제외)인 근로소득자(일용근로자 포함), 개인사업자, 연금소득자 중 연소득 3,500만원 이하의 고객
대환 대상 대출의 거래기간이 1년 이상(최소 1계좌 이상)
제외대상 고객
대환 제외대상 계좌
단, 외부 개인신용평점이 하위 100분의 20에 해당하는 경우 연소득 4,500만원 이하의 고객
금융기관 연체대출금 보유자, 신용도판단정보등록 고객 등 광주은행에서 정한 여신 비적격자
미성년자, 외국인(재외국인 포함)
무소득자
아파트 중도금대출, 전세자금대출(증빙된 보증서, 보험증권, 지급보증서로 담보 설정된 대출), 보증서대출, 차량구입관련대출, 현금서비스 이용금액
기업대출
성년(성년의제 제외)인 근로소득자(일용근로자 포함), 개인사업자, 연금소득자 중 연소득 3,500만원 이하의 고객
단, 외부 개인신용평점이 하위 100분의 20에 해당하는 경우 연소득 4,500만원 이하의 고객
 대환 대상 대출의 거래기간이 1년 이상(최소 1계좌 이상)
 제외대상 고객
금융기관 연체대출금 보유자, 신용도판단정보등록 고객 등 광주은행에서 정한 여신 비적격자
미성년자, 외국인(재외국인 포함)
무소득자
 대환 제외대상 계좌
아파트 중도금대출, 전세자금대출(증빙된 보증서, 보험증권, 지급보증서로 담보 설정된 대출), 보증서대출, 차량구입관련대출, 현금서비스 이용금액
기업대출","직장 및 사업자 관련 서류 / 소득 확인서류
신분증
직장 및 사업자 관련 서류 / 소득 확인서류
 신분증",,,,,,
SC제일은행,새희망홀씨2,"3,500만원",정보 없음,10.24%,10.39%,10.48%,10.38%,10.07%,9.14%,10.27%,,"• 최저 연 7.41% ~ 최고 연 10.5%
- 대출금리(2025.02.03 현재, 3개월 CD수익률 (연 3.01%)기준)
- 고객별 적용금리: 기준금리 + 개인별 가산금리 + 조건별 가산금리
- 개인별 가산금리: 은행내부신용등급별 가산금리 - 조건별 우대금리
- 개인별 가산금리는 우대/가산금리를 포함하여 최저 연 4.4% 이상 적용
• 은행내부신용등급별 가산금리: 최저 연 5.5% ~ 최고 연 8.5%(은행내부신용등급별 차등 적용)(최고 적용금리 연 10.5%)
• 조건별 우대금리
1. 급여이체 시: 연 0.5%
2. 본부우대금리: 연 0.0% ~ 연 0.7%(내부신용등급별 차등적용)
• 조건별 가산금리
1. 단기COFIX 기준금리 선택 시: 연 0.1% 가산
※ 단, 모바일 대출 신청시 기준금리는 3개월CD수익률을 적용함
※ 기준금리의 경우 대출실행 당시의 이자율이 적용되어 변동될 수 있으며, 고객별 실제 적용 금리는 대출신청 영업점 및 고객컨택센터로 상담하시면 확인하실 수 있습니다.
• 최저 연 7.41% ~ 최고 연 10.5%
- 대출금리(2025.02.03 현재, 3개월 CD수익률 (연 3.01%)기준)
- 고객별 적용금리: 기준금리 + 개인별 가산금리 + 조건별 가산금리
- 개인별 가산금리: 은행내부신용등급별 가산금리 - 조건별 우대금리
- 개인별 가산금리는 우대/가산금리를 포함하여 최저 연 4.4% 이상 적용
• 은행내부신용등급별 가산금리: 최저 연 5.5% ~ 최고 연 8.5%(은행내부신용등급별 차등 적용)(최고 적용금리 연 10.5%)
• 조건별 우대금리
1. 급여이체 시: 연 0.5%
2. 본부우대금리: 연 0.0% ~ 연 0.7%(내부신용등급별 차등적용)
• 조건별 가산금리
1. 단기COFIX 기준금리 선택 시: 연 0.1% 가산
※ 단, 모바일 대출 신청시 기준금리는 3개월CD수익률을 적용함
※ 기준금리의 경우 대출실행 당시의 이자율이 적용되어 변동될 수 있으며, 고객별 실제 적용 금리는 대출신청 영업점 및 고객컨택센터로 상담하시면 확인하실 수 있습니다.",,"최소 50만원 ~ 최대 35백만원
최소 50만원 ~ 최대 35백만원","변동금리
변동금리","원리금균등분할상환
원리금균등분할상환","영업점 방문, 모바일 신청, 서민금융진흥원 맞춤대출 상담
영업점 방문, 모바일 신청, 서민금융진흥원 맞춤대출 상담","대출금리 + 연체가산금리(연 3%)
대출금리는 연체발생시점의 고객금리
* 연체이율은 최대 연 15%를 초과할 수 없습니다
대출금리 + 연체가산금리(연 3%)
대출금리는 연체발생시점의 고객금리
* 연체이율은 최대 연 15%를 초과할 수 없습니다","없음
없음","만 19세이상으로 당행 신용평가 시스템(은행내부 신용등급 1~5등급 이내)에 의해 승인 받은 급여생활자 (재직 또는 사업영위 6개월 초과)
연소득 40백만원 이하인자(NICE 신용평가정보㈜의 신용평점(CB평점)이 749점 초과인 고객)
또는 NICE 신용평가정보㈜의 개인신용평점이 하위 100분의 20(NICE 신용평가정보㈜의 신용평점(CB평점)이 749점 이하인 고객)에 해당하는 연소득 50백만원 이하인 자(단, 모바일로 신청시 상기조건을 충족한 급여생활자만 상담 및 신청가능)
만 19세이상으로 당행 신용평가 시스템(은행내부 신용등급 1~5등급 이내)에 의해 승인 받은 급여생활자 (재직 또는 사업영위 6개월 초과)
연소득 40백만원 이하인자(NICE 신용평가정보㈜의 신용평점(CB평점)이 749점 초과인 고객)
또는 NICE 신용평가정보㈜의 개인신용평점이 하위 100분의 20(NICE 신용평가정보㈜의 신용평점(CB평점)이 749점 이하인 고객)에 해당하는 연소득 50백만원 이하인 자(단, 모바일로 신청시 상기조건을 충족한 급여생활자만 상담 및 신청가능)","신분증, 재직증빙서류, 소득증빙서류 등
신분증, 재직증빙서류, 소득증빙서류 등","원리금균등분할상환: 이자납입일을 정하여 대출실행일로부터 매월 주기로 분할상환원금 및 이자 납부
원리금균등분할상환: 이자납입일을 정하여 대출실행일로부터 매월 주기로 분할상환원금 및 이자 납부","[이자율]
*은행내부신용등급별 가산금리 (최저 연5.5% ~ 최고 연8.5%)

<2024년 2월 1일 기준>
*3개월 CD수익률 (연 3.68%)기준: 최저 연 8.08%부터 ~ 최고 연 10.50%
*단기 COFIX(연 3.67%)기준: 최저 연 8.17%부터 ~ 최고 연 10.50%
*금융채 6개월(연 3.65%)기준: 최저 연 8.05%부터 ~ 최고 연 10.50%
*금융채 1년(연 3.60%) 기준: 최저 연 8.00%부터 ~ 최고 연 10.50% 

[우대금리]
: 모바일로 신규 시 조건별 우대금리 (최대 연 0.3% 적용)
1. 만 29세 이하 청년층 : 연 0.2%
2. 만 65세 이상 고령자 : 연 0.2%
3. 금융자산정보제공 우대금리 : 연 0.1%
영업점 등 방문 신규시 조건별 우대금리 (최대 연1.1% 적용)
1. 기초생활수급권자: 연 0.2%
2. 만 60세 이상 부모부양: 연 0.2%
3. 다문화가정: 연 0.2%
4. 한부모가정: 연 0.2%
5. 다자녀(3자녀) 가정: 연 0.2%
6. 만 29세 이하 청년층: 연 0.2%
7. 만 65세 이상 고령자: 연 0.2%
8. 장애인: 연 0.2%
9. 서민금융지원 금융교육 이수자: 연 0.2%
10. 금융자산정보제공 우대금리: 연 0.1%
성실상환 고객에 대한 우대금리 (최대 연 2.0%)
1. 매년 연체누적일수 5일 이내인 경우 연 0.5%씩 감면 (최대 4회 이내)
2. 매년 연체누적일수 10일 이내인 경우 연 0.25%씩 감면 (최대 4회 이내)
※ 단, 고객 최고적용금리는 연 10.5%를 초과할 수 없음
[이자율]
*은행내부신용등급별 가산금리 (최저 연5.5% ~ 최고 연8.5%)

<2024년 2월 1일 기준>
*3개월 CD수익률 (연 3.68%)기준: 최저 연 8.08%부터 ~ 최고 연 10.50%
*단기 COFIX(연 3.67%)기준: 최저 연 8.17%부터 ~ 최고 연 10.50%
*금융채 6개월(연 3.65%)기준: 최저 연 8.05%부터 ~ 최고 연 10.50%
*금융채 1년(연 3.60%) 기준: 최저 연 8.00%부터 ~ 최고 연 10.50% 

[우대금리]
: 모바일로 신규 시 조건별 우대금리 (최대 연 0.3% 적용)
1. 만 29세 이하 청년층 : 연 0.2%
2. 만 65세 이상 고령자 : 연 0.2%
3. 금융자산정보제공 우대금리 : 연 0.1%
영업점 등 방문 신규시 조건별 우대금리 (최대 연1.1% 적용)
1. 기초생활수급권자: 연 0.2%
2. 만 60세 이상 부모부양: 연 0.2%
3. 다문화가정: 연 0.2%
4. 한부모가정: 연 0.2%
5. 다자녀(3자녀) 가정: 연 0.2%
6. 만 29세 이하 청년층: 연 0.2%
7. 만 65세 이상 고령자: 연 0.2%
8. 장애인: 연 0.2%
9. 서민금융지원 금융교육 이수자: 연 0.2%
10. 금융자산정보제공 우대금리: 연 0.1%
성실상환 고객에 대한 우대금리 (최대 연 2.0%)
1. 매년 연체누적일수 5일 이내인 경우 연 0.5%씩 감면 (최대 4회 이내)
2. 매년 연체누적일수 10일 이내인 경우 연 0.25%씩 감면 (최대 4회 이내)
※ 단, 고객 최고적용금리는 연 10.5%를 초과할 수 없음","원리금균등분할상환: 최소 2년 ~ 최대 5년 (거치기간 없음)
원리금균등분할상환: 최소 2년 ~ 최대 5년 (거치기간 없음)","원리금균등분할상환 : 2년 ~ 5년 (연단위)
원리금균등분할상환 : 2년 ~ 5년 (연단위)","인지세 : 인지세법에 따라 대출 약정 시 납부하는 세액
(은행과 고객 각 50% 부담, 대출금액별 차등 적용)
※ 대출금액 5천만원 이하 비과세
인지세 : 인지세법에 따라 대출 약정 시 납부하는 세액
(은행과 고객 각 50% 부담, 대출금액별 차등 적용)
※ 대출금액 5천만원 이하 비과세","모바일 새희망홀씨2 대출은 직장인 전용 온라인 신용대출 상품입니다. 개인사업자 및 자유직업자(보험설계사, 학원강사 등), 고객님은 고객컨텍셀터 또는 가까운 영업점으로 상담하시기 바랍니다.
모바일 뱅킹에서는 본인 명의의 휴대폰으로만 대출 상담 및 신청 진행이 가능하며, SC제일은행에 등록 가능한 공인인증서가 있어야 합니다.
대출만기 경과 후 미상환시 대출잔액에 대한 연체이자 납부, 연체 등 금융질서문란 정보등록 등의 불이익을 받으실 수 있습니다.
대출 예상한도 및 금리 조회는 신용등급 또는 개인신용평점에 영향을 끼치지 않습니다.
고객 신용도에 따라 개인별 가산금리가 결정되며, 당행 여신 규정 및 관련 법규에 의하여 금융기관의 신용관리 대상 거래처로 규제된 경우 또는 당행 심사기준과 고객 신용도에 따라 대출이 거절될 수 있습니다.
금융소비자는 해당상품 또는 서비스에 대하여 설명을 받을 권리가 있으며, 그 설명을 듣고 내용을 충분히 이해한 후 거래하시기 바랍니다.
상환능력에 비해 대출금이 과도할 경우, 귀하의 개인신용평점이 하락할 수 있습니다.
개인신용평점 하락 시 금융거래와 관련된 불이익이 발생할 수 있습니다.
원리금이 연체될 경우 계약만료 기한이 도래하기 전에 모든 원리금을 변제해야 할 의무가 발생할 수 있습니다.
상품에 대한 자세한 사항은 계약 체결 전 상품설명서 및 약관을 읽어보시기 바라며, 영업점 또는 고객컨택센터 1588-1599로 문의하시기 바랍니다.
본 광고는 법령 및 내부통제기준에 따른 광고 관련 절차를 준수하였습니다.
본심사 과정에서 확인되는 신용 및 개인정보에 따라 한도/금리가 변경되거나 대출이 거절되는 등 가심사 결과와 달라질 수 있습니다.
모바일 새희망홀씨2 대출은 직장인 전용 온라인 신용대출 상품입니다. 개인사업자 및 자유직업자(보험설계사, 학원강사 등), 고객님은 고객컨텍셀터 또는 가까운 영업점으로 상담하시기 바랍니다.
모바일 뱅킹에서는 본인 명의의 휴대폰으로만 대출 상담 및 신청 진행이 가능하며, SC제일은행에 등록 가능한 공인인증서가 있어야 합니다.
대출만기 경과 후 미상환시 대출잔액에 대한 연체이자 납부, 연체 등 금융질서문란 정보등록 등의 불이익을 받으실 수 있습니다.
대출 예상한도 및 금리 조회는 신용등급 또는 개인신용평점에 영향을 끼치지 않습니다.
고객 신용도에 따라 개인별 가산금리가 결정되며, 당행 여신 규정 및 관련 법규에 의하여 금융기관의 신용관리 대상 거래처로 규제된 경우 또는 당행 심사기준과 고객 신용도에 따라 대출이 거절될 수 있습니다.
금융소비자는 해당상품 또는 서비스에 대하여 설명을 받을 권리가 있으며, 그 설명을 듣고 내용을 충분히 이해한 후 거래하시기 바랍니다.
상환능력에 비해 대출금이 과도할 경우, 귀하의 개인신용평점이 하락할 수 있습니다.
개인신용평점 하락 시 금융거래와 관련된 불이익이 발생할 수 있습니다.
원리금이 연체될 경우 계약만료 기한이 도래하기 전에 모든 원리금을 변제해야 할 의무가 발생할 수 있습니다.
상품에 대한 자세한 사항은 계약 체결 전 상품설명서 및 약관을 읽어보시기 바라며, 영업점 또는 고객컨택센터 1588-1599로 문의하시기 바랍니다.
본 광고는 법령 및 내부통제기준에 따른 광고 관련 절차를 준수하였습니다.
본심사 과정에서 확인되는 신용 및 개인정보에 따라 한도/금리가 변경되거나 대출이 거절되는 등 가심사 결과와 달라질 수 있습니다."
,,,,,,,,,,,,,,,,,,,,,,,,,,,
,,,,,,,,,,,,,,,,,,,,,,,,,,,
,,,,,,,,,,,,,,,,,,,,,,,,,,,
,,,,,,,,,,,,,,,,,,,,,,,,,,,
