,상품종류,은행명,상품명,평균금리,
https://www.banksalad.com/chart/loans?isPrequal=false&creditScoreRangeEnum=CREDIT_SCORE_RANGE_500_599&categoryProductCategory=%ED%96%87%EC%82%B4%EB%A1%A0,햇살론,경남은행,따듯한햇살론뱅크,7.30%,2000
,햇살론,지역농협,NH 햇살론,7.62%,5000
,햇살론,진주저축은행,햇살론,8.27%,1500
,햇살론,융창저축은행,근로자햇살론,8.97%,2000
,햇살론,융창저축은행,온라인햇살론,8.97%,2000
,햇살론,하나저축은행,햇살론,9%,2000
,햇살론,BNK저축은행,햇살론,9.01%,2000
,햇살론,BNK저축은행,NH온라인햇살론,9.36%,2000
,햇살론,K저축은행,햇살론(생계자금),9.42%,2000
,햇살론,IBK저축은행,온라인햇살론(간편대출),9.45%,2000
,햇살론,우리금융저축은행,우리WON햇살론,9.47%,2000
,햇살론,신한저축은행,햇살론/온라인햇살론,9.51%,2000
,햇살론,KB저축은행,온라인햇살론,9.63%,2000
,햇살론,DB저축은행,햇살론,9.76%,2000
,햇살론,키움저축은행,햇살론,10.26%,2000
,햇살론,동원제일저축은행,직장인 햇살론,10.26%,2000
,햇살론,OK저축은행,근로자햇살론,10.41%,2000
,햇살론,광주은행,KJB햇살론뱅크,10.42%,2500
,햇살론,모아저축은행,햇살론,10.47%,5000
,햇살론,키움yes저축은행,햇살론(근로자),10.66%,2000
,햇살론,전북은행,햇살론뱅크,11.52%,2500
,,,,,
https://www.banksalad.com/chart/loans?isPrequal=false&creditScoreRangeEnum=CREDIT_SCORE_RANGE_ALL&categoryProductCategory=%EC%82%AC%EC%9E%87%EB%8F%8C,사잇돌,케이뱅크,비상금대출,7.03%,300
,사잇돌,국민은행,KB 사잇돌 중금리대출,8.63%,2000
,사잇돌,케이뱅크,사잇돌 대출,8.98%,2000
,사잇돌,우리금융저축은행,사잇돌2,13.50%,3000
,사잇돌,KB저축은행,KB사잇돌2대출(표준형),13.80%,3000
,사잇돌,융창저축은행,사잇돌2,15.81%,3000
,사잇돌,진주저축은행,사잇돌,16%,3000
,,,,,
https://www.banksalad.com/chart/loans?isPrequal=false&creditScoreRangeEnum=CREDIT_SCORE_RANGE_ALL&categoryProductCategory=%EC%83%88%ED%9D%AC%EB%A7%9D%ED%99%80%EC%94%A8,새희망홀씨,경남은행,경남새희망홀씨대출II,5.59%,3500
,새희망홀씨,기업은행,IBK새희망홀씨II,6.10%,3500
,새희망홀씨,신한은행,쏠편한 포켓론 (소액 새희망 홀씨),6.76%,500
,새희망홀씨,신한은행,신한 새희망홀씨II,7.28%,3500
,새희망홀씨,우리은행,우리 새희망홀씨II(스마트),7.57%,3500
,새희망홀씨,하나은행,하나 새희망홀씨II,7.72%,3500
,새희망홀씨,우리은행,우리 새희망홀씨II,7.79%,3500
,새희망홀씨,전북은행,JB 새희망홀씨II 대출,8.11%,3500
,새희망홀씨,신한은행,쏠편한 새희망홀씨 대출,8.13%,3500
,새희망홀씨,농협은행,NH모바일새희망홀씨II,8.35%,3500
,새희망홀씨,부산은행,새희망홀씨II,8.55%,3500
,새희망홀씨,국민은행,KB 새희망홀씨II,9.79%,3500
,새희망홀씨,광주은행,KJB 새희망홀씨II(대환),10.16%,3500
,새희망홀씨,SC제일은행,새희망홀씨2,10.27%,3500
,,,,,
https://www.banksalad.com/chart/loans?isPrequal=false&creditScoreRangeEnum=CREDIT_SCORE_RANGE_600_699&categoryProductCategory=%EC%86%8C%EC%95%A1%2F%EB%B9%84%EC%83%81%EA%B8%88%EB%8C%80%EC%B6%9C,소액/비상금대출,부산은행,ONE신용대출-소액대출,6.90%,1000
,소액/비상금대출,SC제일은행,모바일소액대출,10.85%,2000
,소액/비상금대출,iM뱅크,쓰담쓰담 간편대출,12.44%,300
,소액/비상금대출,iM뱅크,핀크비상금대출,12.48%,300
,소액/비상금대출,신한카드,원스탑 대환대출,13.05%,5000
,소액/비상금대출,신한카드,장기카드대출,13.20%,5000
,소액/비상금대출,신한카드,가계신용대출,14.08%,5000
,소액/비상금대출,스마트저축은행,비상금대출,14.36%,500
,소액/비상금대출,다올저축은행,Fi 비상금 자동대출,17.00%,500
,소액/비상금대출,스마트저축은행,Smart-I 비상금 자동대출,18.03%,500
,소액/비상금대출,다올저축은행,Fi비상금,18.19%,500
,소액/비상금대출,OK저축은행,비상금OK론,18.20%,500
,소액/비상금대출,KB저축은행,kiwi여성비상금대출,18.87%,500
,소액/비상금대출,KB저축은행,kiwi비상금대출,19.17%,300
,소액/비상금대출,SBI저축은행,SBI스피드대출(추가),19.90%,500
