은행,상품명,최대 한도,400점 이하,400점대,500점대,600점대,700점대,800점대,900점 이상,전체,대출 금리,성실상환자 금리감면,대출 한도,대출 기간,금리 유형,대출상환방법,연체 금리,이자부과시기,중도상환 수수료,계약해지 또는 갱신의 방법,대출이자계산방법,신청조건,제한대상,갖춰야 할 신용수준,필요서류,담보 및 보증,보증료,부대비용,유의사항,신청 방식,주요 특징,우대 금리,대출 만기,대출가능금액,대출가능조건,평균 금리 산정 기준,심사안내
경남은행,따듯한햇살론뱅크,"2,000만원",7.94%,7.77%,7.83%,7.64%,7.22%,6.86%,6.34%,7.29%,"본 상품은 변동금리가 적용되는 상품입니다. 
최저금리 : 연 5.62%
(당행내부 AS 1등급, 대출기간 3년 기준, 대출금액 2,000만원 기준, 금융채(변동) 2.67%, 교육세 포함)
최고금리 : 연 7.86%
(당행내부 AS 8등급, 대출기간 5년 기준, 대출금액 500만원 기준, 금융채(변동) 2.67%, 교육세 포함)
※금리조회일 : 2025.04.18 - 2.67%
※기준금리 : 금융채(변동)
※변동주기 : 12개월
※적용금리 = 산출금리 + 교육세
※교육세는 최종 산출된 금리에서 교육세 보전금리를 적용한다
<주>교육세 보전금리 = 최종산출금리 × 0.5% (소수점 셋째자리 절사)
※대출금리는 변동금리이고 기준일 신용등급, 대출금액, 대출기간, 시장금리 등에 따라 변동될 수 있습니다.
※금리정보는 광고 심의일 기준으로 산정되었으며, 정확한 금리정보는 경남은행 홈페이지 또는 영업점에서 확인해주시기 바랍니다.
본 상품은 변동금리가 적용되는 상품입니다. 
최저금리 : 연 5.62%
(당행내부 AS 1등급, 대출기간 3년 기준, 대출금액 2,000만원 기준, 금융채(변동) 2.67%, 교육세 포함)
최고금리 : 연 7.86%
(당행내부 AS 8등급, 대출기간 5년 기준, 대출금액 500만원 기준, 금융채(변동) 2.67%, 교육세 포함)
※금리조회일 : 2025.04.18 - 2.67%
※기준금리 : 금융채(변동)
※변동주기 : 12개월
※적용금리 = 산출금리 + 교육세
※교육세는 최종 산출된 금리에서 교육세 보전금리를 적용한다
<주>교육세 보전금리 = 최종산출금리 × 0.5% (소수점 셋째자리 절사)
※대출금리는 변동금리이고 기준일 신용등급, 대출금액, 대출기간, 시장금리 등에 따라 변동될 수 있습니다.
※금리정보는 광고 심의일 기준으로 산정되었으며, 정확한 금리정보는 경남은행 홈페이지 또는 영업점에서 확인해주시기 바랍니다.","대출실행 후 연체일수가 없는 고객에 대하여 1년 단위로 0.1% 감면 적용
(대출기간 3년약정 : 최대감면율 0.2%, 대출기간 5년약정 : 최대감면율 0.4%)
대출실행 후 연체일수가 없는 고객에 대하여 1년 단위로 0.1% 감면 적용
(대출기간 3년약정 : 최대감면율 0.2%, 대출기간 5년약정 : 최대감면율 0.4%)","최저 500만원, 최대 2,000만원(백만원 단위)
※최대 2,500만원 한도로 한시적 증액(~25.12.31일)
_
주>서민금융진흥원 보증CSS등급 및 신용·부채 개선도 등에 따라 차등 적용
주>최대한도 내 추가대출은 1회가능(미완제 대출을 실행한 은행에 한정하며, 상환완료한 경우에는 횟수 제한 없이 반복 이용가능)
주>햇살론뱅크와 한도 및 대출횟수 통합 운영
최저 500만원, 최대 2,000만원(백만원 단위)
※최대 2,500만원 한도로 한시적 증액(~25.12.31일)
_
주>서민금융진흥원 보증CSS등급 및 신용·부채 개선도 등에 따라 차등 적용
주>최대한도 내 추가대출은 1회가능(미완제 대출을 실행한 은행에 한정하며, 상환완료한 경우에는 횟수 제한 없이 반복 이용가능)
주>햇살론뱅크와 한도 및 대출횟수 통합 운영","1)대출기간 : 3년 또는 5년 (거치기간을 희망하는 경우에는 1년 거치 가능)
2)상환방식 : 원리금균등상환방식
1)대출기간 : 3년 또는 5년 (거치기간을 희망하는 경우에는 1년 거치 가능)
2)상환방식 : 원리금균등상환방식","변동금리
변동금리","원리금균등상환방식
원리금균등상환방식","① 연체이자율 : 최고 연 15% (대출금리+ 3.0%p)
※단, 대출금리가 최고 연체이자율 이상인 경우 대출금리 + 2.0%
② 연체이자(지연배상금)를 내셔야 하는 경우
-「이자를 납입하기로 약정한 날」에 납입하지 아니한 때
-「원금을 상환하기로 약정한 날」에 상환 하지 아니한 때
-「분할상환금(또는 분할상환 원리금)을 상환하기로 한 날」에 상환하지 아니한 때
-기타 은행여신거래기본약관 제7조에서 정한 대출기한 전의 채무변제의무 사유에 해당되어 기한의 이익이 상실된 때
-통장대출 형식의 한도거래대출이 대출한도금액 부족으로 이자의 일부라도 지급되지 않은 경우
※자세한 내용은 첨부된 「가계대출 상품설명서」 및 「은행여신거래기본약관(가계용)」등을 참조하여 주시기 바랍니다.
① 연체이자율 : 최고 연 15% (대출금리+ 3.0%p)
※단, 대출금리가 최고 연체이자율 이상인 경우 대출금리 + 2.0%
② 연체이자(지연배상금)를 내셔야 하는 경우
-「이자를 납입하기로 약정한 날」에 납입하지 아니한 때
-「원금을 상환하기로 약정한 날」에 상환 하지 아니한 때
-「분할상환금(또는 분할상환 원리금)을 상환하기로 한 날」에 상환하지 아니한 때
-기타 은행여신거래기본약관 제7조에서 정한 대출기한 전의 채무변제의무 사유에 해당되어 기한의 이익이 상실된 때
-통장대출 형식의 한도거래대출이 대출한도금액 부족으로 이자의 일부라도 지급되지 않은 경우
※자세한 내용은 첨부된 「가계대출 상품설명서」 및 「은행여신거래기본약관(가계용)」등을 참조하여 주시기 바랍니다.","원리금균등분할상환식 : 여신기간 중 거치기간을 제외한 기간 동안매월 원리금을 균등분할 상환하는 방식. 이자는 원금 상환일에 납부(매월후취)
※ 대출실행응당일/별도지정일에 대출금 입금계좌/자동이체등록계좌에서 자동이체처리 등 납부
※ 고객님께서선택하시는 대출방식 및 상품별로 원금·이자의 상환시기 및 방법이 일부 상이할 수 있으므로, 대출취급시 작성하시는 대출거래약정서의 대출실행방법 및 이자지급방법 내용을 참조하여 주시기 바랍니다.
원리금균등분할상환식 : 여신기간 중 거치기간을 제외한 기간 동안매월 원리금을 균등분할 상환하는 방식. 이자는 원금 상환일에 납부(매월후취)
※ 대출실행응당일/별도지정일에 대출금 입금계좌/자동이체등록계좌에서 자동이체처리 등 납부
※ 고객님께서선택하시는 대출방식 및 상품별로 원금·이자의 상환시기 및 방법이 일부 상이할 수 있으므로, 대출취급시 작성하시는 대출거래약정서의 대출실행방법 및 이자지급방법 내용을 참조하여 주시기 바랍니다.","없음
없음","건별대출/분할상환대출 계약해지 : 고객이 대출금 전액을 상환한 때
※대출기간만료시 은행이 정한 기준에 따라 기간연장 가능여부 심사후 승인을 득한 경우 계약갱신 가능하며, 고객님의신용도, 대출상품 등에 따라 영업점 방문/고객센터 연장/전자금융채널(인터넷,스마트뱅킹) 등의 방법을 통해 연장 가능합니다.
※단, 분할/할부상환대출은 기한연장이 불가 합니다.
건별대출/분할상환대출 계약해지 : 고객이 대출금 전액을 상환한 때
※대출기간만료시 은행이 정한 기준에 따라 기간연장 가능여부 심사후 승인을 득한 경우 계약갱신 가능하며, 고객님의신용도, 대출상품 등에 따라 영업점 방문/고객센터 연장/전자금융채널(인터넷,스마트뱅킹) 등의 방법을 통해 연장 가능합니다.
※단, 분할/할부상환대출은 기한연장이 불가 합니다.","여신금리(이자)는별도로 정한 경우를 제외하고 다음과 같이 계산합니다.
- 이자는대출원금에 실행이율과 일수를 곱한 후 365일(윤년의 경우366일)로 나누어 산출하되, 원단위미만은 절사
- 일수계산은여신당일로부터 기일 또는 상환일(일부상환 및 분할상환 포함) 전일까지로한다(한편넣기)
- 이자계산방법 : 대출원금×대출이자율×이자일수÷365(윤년은 366일)
- 정책자금대출, 외부기관협약대출, 서민금융상품 등 일부 상품의 경우 상기 내용과다르게 적용될 수 있습니다.
※자세한 내용은 첨부된 「가계대출 상품설명서 」 및 「은행여신거래기본약관(가계용) 」등을 참조하여 주시기 바랍니다.
여신금리(이자)는별도로 정한 경우를 제외하고 다음과 같이 계산합니다.
- 이자는대출원금에 실행이율과 일수를 곱한 후 365일(윤년의 경우366일)로 나누어 산출하되, 원단위미만은 절사
- 일수계산은여신당일로부터 기일 또는 상환일(일부상환 및 분할상환 포함) 전일까지로한다(한편넣기)
- 이자계산방법 : 대출원금×대출이자율×이자일수÷365(윤년은 366일)
- 정책자금대출, 외부기관협약대출, 서민금융상품 등 일부 상품의 경우 상기 내용과다르게 적용될 수 있습니다.
※자세한 내용은 첨부된 「가계대출 상품설명서 」 및 「은행여신거래기본약관(가계용) 」등을 참조하여 주시기 바랍니다.","<신청대상>
대한민국 국민으로 민법상 성년으로 「서민금융진흥원」의 신용보증서 발급이 가능한 자로 다음 각 1에 해당하는 자로 한다. 다음 가, 나, 다에 해당 여부는 서민금융진흥원의 신용보증서 신청시 확인 가능하다.
가. 소득·신용요건
(1) 연소득 35백만원 이하 : 개인신용평점 무관
(2) 연소득 45백만원 이하 : 개인신용평점<주> 하위 100분의 20에 해당하는 자
<주> 개인신용평점 : KCB, NICE 중 하위누적구성비가 낮은 CB사의 개인신용평점 기준
나. 정책서민금융 성실상환 : 정책서민금융상품<주> 을 6개월 이상 성실하게 상환한 이용자(현재 정상이용 중이거나, 최근 3년 이내 정상완제자)
  '대출실행 후 연체일수가 없는 고객에 대하여 1년 단위로 0.1% 감면 적용
  (대출기간 3년 약정 : 최대감면율 0.2%, 대출기간 5년 약정 : 최대감면율 0.4%)
<주> 미소금융, 근로자햇살론, 사업자햇살론, 햇살론유스, 햇살론15, 햇살론17, 바꿔드림론, 안전망대출, 안정망대출II, 새희망홀씨
다. 부채·신용도 개선 : 부채 또는 신용도가 보증신청일 기준 1년 전 대비 개선 
(1) 부채개선 : 보증신청일 기준 1년 전 대비 신청자가 보유한 전체 부채잔액이 감소
(2) 신용도개선 : 보증신청일 기준 1년 전 대비 KCB 또는 NICE가 평가한 CB평점이 상승
※건강보험료를 납부중인 급여소득자 및 개인사업자에 한하며, 연소득은 전자적인방식을 통한 건강보험료 납부액을 기준으로 산출한다. 단, 신청일 현재 3개월이상 재직(사업영위)중이어야 하며, 재직(사업영위)기간은 건강보험료 자격취득일(사업자등록일)을 기준으로 한다.
<주>전자적인방식 : 스크래핑, 공공 마이데이터 등
<신청대상>
대한민국 국민으로 민법상 성년으로 「서민금융진흥원」의 신용보증서 발급이 가능한 자로 다음 각 1에 해당하는 자로 한다. 다음 가, 나, 다에 해당 여부는 서민금융진흥원의 신용보증서 신청시 확인 가능하다.
가. 소득·신용요건
(1) 연소득 35백만원 이하 : 개인신용평점 무관
(2) 연소득 45백만원 이하 : 개인신용평점<주> 하위 100분의 20에 해당하는 자
<주> 개인신용평점 : KCB, NICE 중 하위누적구성비가 낮은 CB사의 개인신용평점 기준
나. 정책서민금융 성실상환 : 정책서민금융상품<주> 을 6개월 이상 성실하게 상환한 이용자(현재 정상이용 중이거나, 최근 3년 이내 정상완제자)
  '대출실행 후 연체일수가 없는 고객에 대하여 1년 단위로 0.1% 감면 적용
  (대출기간 3년 약정 : 최대감면율 0.2%, 대출기간 5년 약정 : 최대감면율 0.4%)
<주> 미소금융, 근로자햇살론, 사업자햇살론, 햇살론유스, 햇살론15, 햇살론17, 바꿔드림론, 안전망대출, 안정망대출II, 새희망홀씨
다. 부채·신용도 개선 : 부채 또는 신용도가 보증신청일 기준 1년 전 대비 개선 
(1) 부채개선 : 보증신청일 기준 1년 전 대비 신청자가 보유한 전체 부채잔액이 감소
(2) 신용도개선 : 보증신청일 기준 1년 전 대비 KCB 또는 NICE가 평가한 CB평점이 상승
※건강보험료를 납부중인 급여소득자 및 개인사업자에 한하며, 연소득은 전자적인방식을 통한 건강보험료 납부액을 기준으로 산출한다. 단, 신청일 현재 3개월이상 재직(사업영위)중이어야 하며, 재직(사업영위)기간은 건강보험료 자격취득일(사업자등록일)을 기준으로 한다.
<주>전자적인방식 : 스크래핑, 공공 마이데이터 등","(1) 서민금융진흥원 보증 제한 대상인 자
(2) 개인 저신용등급 9등급 이하인 경우
(3) 타행 햇살론뱅크 보증부 대출을 이용중인 자
(1) 서민금융진흥원 보증 제한 대상인 자
(2) 개인 저신용등급 9등급 이하인 경우
(3) 타행 햇살론뱅크 보증부 대출을 이용중인 자","(1) 연소득 35백만원 이하 : 개인신용평점 무관
(2) 연소득 45백만원 이하 : 개인신용평점<주> 하위 100분의 20에 해당하는 자
<주> 개인신용평점 : KCB, NICE 중 하위누적구성비가 낮은 CB사의 개인신용평점 기준
(1) 연소득 35백만원 이하 : 개인신용평점 무관
(2) 연소득 45백만원 이하 : 개인신용평점<주> 하위 100분의 20에 해당하는 자
<주> 개인신용평점 : KCB, NICE 중 하위누적구성비가 낮은 CB사의 개인신용평점 기준","[본인확인] 휴대폰 SMS인중(‘본인명의’스마트폰 아닐 경우 진행 불가)
[소득 및 재직확인 서류] 전자적 방식(스크래핑, 공공 마이데이터 등)으로 수집한 정보를 활용
※ 스크래핑 방식(인증서가 있는 스마트폰에서 인증서 비밀번호를 입력하면 자동 제출되는 방식
[본인확인] 휴대폰 SMS인중(‘본인명의’스마트폰 아닐 경우 진행 불가)
[소득 및 재직확인 서류] 전자적 방식(스크래핑, 공공 마이데이터 등)으로 수집한 정보를 활용
※ 스크래핑 방식(인증서가 있는 스마트폰에서 인증서 비밀번호를 입력하면 자동 제출되는 방식","서민금융진흥원 발급 부분보증서(90%)
서민금융진흥원 발급 부분보증서(90%)","보증잔액에 대하여 아래의 보증료율에 따른 보증료를 대출원리금과 일괄하여 수납
(1) 저소득청년 해당 : (연)2.0%
(2) 저소득쳥년 미해당 : (연)2.5%
(3) 교육ㆍ컨설팅 이수자 : 상기 (1) 또는 (2)에서 0.1%p 감면
<주> 저소득청년 : 신청시점에 만34세 이하이면서 연소득 35백만원 이하로 확인된 경우(전산에서 자동체크)
보증잔액에 대하여 아래의 보증료율에 따른 보증료를 대출원리금과 일괄하여 수납
(1) 저소득청년 해당 : (연)2.0%
(2) 저소득쳥년 미해당 : (연)2.5%
(3) 교육ㆍ컨설팅 이수자 : 상기 (1) 또는 (2)에서 0.1%p 감면
<주> 저소득청년 : 신청시점에 만34세 이하이면서 연소득 35백만원 이하로 확인된 경우(전산에서 자동체크)","인지세 : 인지세법에 의해 대출약정 체결시 납부하는 세금으로 대출금액에 따라 세액이 차등 적용되며, 
각 50%씩 고객과 은행이 부담합니다.
※인지세액
-5천만원 이하 : 비과세
-5천만원 초과 1억원 이하 : 7만원
-1억 초과 10억 이하 : 15만원
-10억원 초과 : 35만원
인지세 : 인지세법에 의해 대출약정 체결시 납부하는 세금으로 대출금액에 따라 세액이 차등 적용되며, 
각 50%씩 고객과 은행이 부담합니다.
※인지세액
-5천만원 이하 : 비과세
-5천만원 초과 1억원 이하 : 7만원
-1억 초과 10억 이하 : 15만원
-10억원 초과 : 35만원","[위법계약해지권]           
설명의무위반 등 금융소비자 보호에 관한 법률 제47조에 따른 위법계약해지 사유가 발생한 경우, 계약체결일로부터 5년 이내 범위에서 위반사실을 안 날로부터 1년 이내에 서면 등으로 해당계약의 해지를 요구할 수 있습니다.
만약 금융소비자의요구가 정당한 것으로 판단될 경우 수수료 등 계약해지와 관련한 추가 비용 부담없이 계약해지가 가능합니다.
          
[대출계약 철회권]
가. 계약서류 수령일, 대출계약 체결일,대출금 수령일 중 나중에 발생한 날부터 14일(기간의말일이 휴일인 경우 다음 영업일)까지 은행에 서면, 전화, 컴퓨터 통신으로 철회의사를 표시하고 원금, 이자 및 부대비용을 전액반환한 경우 대출계약을 철회할 수 있습니다.
☞ 대출계약철회권을 행사한 경우에는 중도상환수수료가 면제되며 5영업일 이내에 해당 대출과 관련한 대출정보가 삭제됩니다.
☞ 대출계약철회권의 효력이 발생한 이후에는 이를 취소할 수 없습니다.
나. 대출계약 철회권 남용 시 불이익
☞ 해당 은행을대상으로 최근 1개월 내에 2회 이상 대출계약을 철회하는경우, 신규대출,만기연장 거절, 대출한도 축소, 금리우대 제한 등 불이익이 발생할 수 있습니다.
[금리인하요구권]         
가. 은행과신용공여계약을 체결한 고객은 「은행법」 제30조의2(금리인하요구)에서 정하는 바에 따라 본인의 신용상태(예: 취업, 승진 등 소득증가, 재산증가, 신용평가등급(평점) 등신용도 상승, 기타 신용상태 개선 등)가 개선되었다고 판단되는경우 은행에 금리인하를 요구할 수 있습니다.
나. 금리인하요구권은 영업점 방문 및 비대면 채널(모바일뱅킹, 고객센터)을 통해 신청 가능하며,은행은 차주의 신용상태 개선을 확인하는데 필요한 자료의 제출을 요구할 수 있습니다.
다. 신용상태의 개선이 경미하여 금리인하 요구 인정 요건을 충족하지 못하는 경우 등 은행심사 결과에 따라 고객의 금리인하 요구는 수용되지 않을 수 있습니다.
라. 은행은 금리인하 요구를 받은 날부터 10영업일이내에 금리인하 수용여부 및 그 사유를 고객에게 통지합니다.
          
[금융상품판매업자]
㈜경남은행
[유의사항]           
.▶뱅크샐러드에서의 상담결과가 대출이 가능함을 보장하는 것은 아니며, 실제 대출 신청시점의 경남은행 심사기준에 따라 대출 진행이 제한되거나 대출한도, 대출금리 등 대출 조건이 달라질 수 있습니다.
▶은행의 심사기준, 신용평가 결과 등에 따라 대출이 안되거나 제한될 수 있고, 대출한도, 대출금리 등 대출조건이 달라질 수 있습니다.
▶대출금리는 변동금리이고 대출실행일 기준으로 적용되며, 안내된 금리와 다르게 적용될 수 있습니다.
▶금리재산정주기 도래 시 고객님의 거래실적, 감면금리 제공조건 충족여부, 신용평점 변화 등에 따라 금리가 하락 또는 상승될 수 있습니다.
▶대출의 만기도래 시 고객님의 재직상태, 신용상태 및 은행의 심사기준에 따라 대출이 연장되지 않을 수 있고, 대출거래조건(이율 및 한도 등)이 변경될 수 있습니다.
▶상환능력에 비해 대출금, 신용카드 사용액이 과도할 경우 신용점수가 하락할 수 있으며 신용점수 하락으로 금융거래와 관련된 불이익이 발생할 수 있습니다.
▶대출원리금 납입이 지연되거나 대출 만기 도래 시 대출금액을 상환하지 않을 경우에는 연체이자가 부과되며 채무자의 재산/신용상의 불이익(상계, 압류, 경매 등)이 발생될 수 있으니 주의하시기 바랍니다.
▶일정 기간 납부해야 할 원리금이 연체될 경우에 계약만료 기한이 도래하기 전에 모든 원리금을 변제해야 할 의무가 발생할 수 있습니다.
▶금융상품 계약 체결 전 상품설명서 및 약관 등을 반드시 읽어보시기 바랍니다.
▶금융소비자는 금융소비자 보호에 관한 법률 제19조 제1항에 따라 해당상품 또는 서비스에 대하여 설명을 받을 권리가 있으며, 그 설명을 듣고 내용을 충분히 이해한 후 거래하시기 바랍니다.
▶본 내용은 상품에 대한 이해를 돕고 약관의 중요내용을 알려드리기 위한 참고자료이며, 실제 상품의 계약은 대출거래 약정서, 여신거래기본약관 등의 적용을 받습니다. 
▶법령 및 내부통제기준에 따른 관련 절차를 거처 제공됩니다. 
▶기타 자세한 내용은 경남은행 영업점 또는 당행 고객센터(1588-8585, 1600-8585)로 문의해주시기 바랍니다.
▶불편사항이 있을 경우 고객불편신고센터(080-590-8282), 메일(customer@knbank.co.kr), 인터넷 홈페이지 전자민원을 이용하여 주시기 바랍니다.       

문의사항           
1588-8585 , 1600-8585
[위법계약해지권]           
설명의무위반 등 금융소비자 보호에 관한 법률 제47조에 따른 위법계약해지 사유가 발생한 경우, 계약체결일로부터 5년 이내 범위에서 위반사실을 안 날로부터 1년 이내에 서면 등으로 해당계약의 해지를 요구할 수 있습니다.
만약 금융소비자의요구가 정당한 것으로 판단될 경우 수수료 등 계약해지와 관련한 추가 비용 부담없이 계약해지가 가능합니다.
          
[대출계약 철회권]
가. 계약서류 수령일, 대출계약 체결일,대출금 수령일 중 나중에 발생한 날부터 14일(기간의말일이 휴일인 경우 다음 영업일)까지 은행에 서면, 전화, 컴퓨터 통신으로 철회의사를 표시하고 원금, 이자 및 부대비용을 전액반환한 경우 대출계약을 철회할 수 있습니다.
☞ 대출계약철회권을 행사한 경우에는 중도상환수수료가 면제되며 5영업일 이내에 해당 대출과 관련한 대출정보가 삭제됩니다.
☞ 대출계약철회권의 효력이 발생한 이후에는 이를 취소할 수 없습니다.
나. 대출계약 철회권 남용 시 불이익
☞ 해당 은행을대상으로 최근 1개월 내에 2회 이상 대출계약을 철회하는경우, 신규대출,만기연장 거절, 대출한도 축소, 금리우대 제한 등 불이익이 발생할 수 있습니다.
   
[금리인하요구권]         
가. 은행과신용공여계약을 체결한 고객은 「은행법」 제30조의2(금리인하요구)에서 정하는 바에 따라 본인의 신용상태(예: 취업, 승진 등 소득증가, 재산증가, 신용평가등급(평점) 등신용도 상승, 기타 신용상태 개선 등)가 개선되었다고 판단되는경우 은행에 금리인하를 요구할 수 있습니다.
나. 금리인하요구권은 영업점 방문 및 비대면 채널(모바일뱅킹, 고객센터)을 통해 신청 가능하며,은행은 차주의 신용상태 개선을 확인하는데 필요한 자료의 제출을 요구할 수 있습니다.
다. 신용상태의 개선이 경미하여 금리인하 요구 인정 요건을 충족하지 못하는 경우 등 은행심사 결과에 따라 고객의 금리인하 요구는 수용되지 않을 수 있습니다.
라. 은행은 금리인하 요구를 받은 날부터 10영업일이내에 금리인하 수용여부 및 그 사유를 고객에게 통지합니다.
          
[금융상품판매업자]
㈜경남은행

[유의사항]           
.▶뱅크샐러드에서의 상담결과가 대출이 가능함을 보장하는 것은 아니며, 실제 대출 신청시점의 경남은행 심사기준에 따라 대출 진행이 제한되거나 대출한도, 대출금리 등 대출 조건이 달라질 수 있습니다.
▶은행의 심사기준, 신용평가 결과 등에 따라 대출이 안되거나 제한될 수 있고, 대출한도, 대출금리 등 대출조건이 달라질 수 있습니다.
▶대출금리는 변동금리이고 대출실행일 기준으로 적용되며, 안내된 금리와 다르게 적용될 수 있습니다.
▶금리재산정주기 도래 시 고객님의 거래실적, 감면금리 제공조건 충족여부, 신용평점 변화 등에 따라 금리가 하락 또는 상승될 수 있습니다.
▶대출의 만기도래 시 고객님의 재직상태, 신용상태 및 은행의 심사기준에 따라 대출이 연장되지 않을 수 있고, 대출거래조건(이율 및 한도 등)이 변경될 수 있습니다.
▶상환능력에 비해 대출금, 신용카드 사용액이 과도할 경우 신용점수가 하락할 수 있으며 신용점수 하락으로 금융거래와 관련된 불이익이 발생할 수 있습니다.
▶대출원리금 납입이 지연되거나 대출 만기 도래 시 대출금액을 상환하지 않을 경우에는 연체이자가 부과되며 채무자의 재산/신용상의 불이익(상계, 압류, 경매 등)이 발생될 수 있으니 주의하시기 바랍니다.
▶일정 기간 납부해야 할 원리금이 연체될 경우에 계약만료 기한이 도래하기 전에 모든 원리금을 변제해야 할 의무가 발생할 수 있습니다.
▶금융상품 계약 체결 전 상품설명서 및 약관 등을 반드시 읽어보시기 바랍니다.
▶금융소비자는 금융소비자 보호에 관한 법률 제19조 제1항에 따라 해당상품 또는 서비스에 대하여 설명을 받을 권리가 있으며, 그 설명을 듣고 내용을 충분히 이해한 후 거래하시기 바랍니다.
▶본 내용은 상품에 대한 이해를 돕고 약관의 중요내용을 알려드리기 위한 참고자료이며, 실제 상품의 계약은 대출거래 약정서, 여신거래기본약관 등의 적용을 받습니다. 
▶법령 및 내부통제기준에 따른 관련 절차를 거처 제공됩니다. 
▶기타 자세한 내용은 경남은행 영업점 또는 당행 고객센터(1588-8585, 1600-8585)로 문의해주시기 바랍니다.
▶불편사항이 있을 경우 고객불편신고센터(080-590-8282), 메일(customer@knbank.co.kr), 인터넷 홈페이지 전자민원을 이용하여 주시기 바랍니다.       

문의사항           
1588-8585 , 1600-8585",,,,,,,,
지역농협,NH 햇살론,"5,000만원",6.31%,정보 없음,8.32%,8.24%,정보 없음,정보 없음,정보 없음,7.62%,"대출 신규일에 농·축협별로 고시한 이율 적용
대출 신규일에 농·축협별로 고시한 이율 적용",,"근로자 생계자금
자영업자 지원자금
단, 사업자등록 3개월 미만인 자영업자 한도는 무등록사업자 기준을 적용
창업자금(5,000만원이내) 및 대환자금(3,000만원이내), 긴급생계자금(500만원이내) 한도 등 보다 자세한 내용은 지원자금 종류를 참조하시기 바랍니다.
서민금융진흥원의 CSS 등급별 한도 이내
6등급 : 1,000만원
7등급 : 800만원
8등급 : 600만원
9등급 이하 : 400만원
6등급 : 1,000만원
7등급 : 800만원
8등급 : 600만원
9등급 이하 : 400만원
「햇살론 소상공인 평가표」에 의한 점수별 등급 이내
1등급 : 2,000만원 이내
10등급 : 400만원이내
1등급 : 2,000만원 이내
10등급 : 400만원이내
근로자 생계자금
서민금융진흥원의 CSS 등급별 한도 이내
6등급 : 1,000만원
7등급 : 800만원
8등급 : 600만원
9등급 이하 : 400만원
 자영업자 지원자금
「햇살론 소상공인 평가표」에 의한 점수별 등급 이내
1등급 : 2,000만원 이내
10등급 : 400만원이내
 단, 사업자등록 3개월 미만인 자영업자 한도는 무등록사업자 기준을 적용
 창업자금(5,000만원이내) 및 대환자금(3,000만원이내), 긴급생계자금(500만원이내) 한도 등 보다 자세한 내용은 지원자금 종류를 참조하시기 바랍니다.",,,"근로자
자영업자
매월 원금균등분할상환 : 3년, 5년 중 택일 가능
원금균등분할상환
근로자
매월 원금균등분할상환 : 3년, 5년 중 택일 가능
 자영업자
원금균등분할상환",,,,,,"연간소득 4,500만원이하이며, 다음에 해당하는 자
근로자
자영업자
신용등급 6등급이하 또는 연간소득 3,500만원 이하의 3개월 이상 재직중인 근로자
신용등급 6등급이하 또는 연간소득 3,500만원 이하의 자영업자(농림어업인 포함)
연간소득 4,500만원이하이며, 다음에 해당하는 자
 근로자
신용등급 6등급이하 또는 연간소득 3,500만원 이하의 3개월 이상 재직중인 근로자
  자영업자
신용등급 6등급이하 또는 연간소득 3,500만원 이하의 자영업자(농림어업인 포함)",,,,,,,,영업점,,,,,,,
진주저축은행,햇살론,"1,500만원",11.50%,정보 없음,8.38%,8.33%,8.35%,8.22%,8.16%,8.26%,"6.18% ~ 9.42% 이내
6.18% ~ 9.42% 이내",,"최대 1,500만원 이내
최대 1,500만원 이내","최대 60개월 이내
최대 60개월 이내","1년 변동금리
1년 변동금리","원금균등분할상환
원금균등분할상환","정상금리 + 3% (최대 20% 미만)
정상금리 + 3% (최대 20% 미만)","월1회 후취
월1회 후취","없음
없음",,,"직장인 (4대보험 미가입자 포함) / CB사 하위 80% 해당고객
직장인 (4대보험 미가입자 포함) / CB사 하위 80% 해당고객",,,"신분증, 주민등록초본, 소득 및 재직확인 서류
신분증, 주민등록초본, 소득 및 재직확인 서류",,,"보증료 최대 2% 선납
보증료 최대 2% 선납","• 대출상품 이용시, 귀하의 신용등급 또는 개인신용평점이 하락될 수 있습니다.
• 신용등급 또는 개인신용평점 하락으로 금융거래가 제약될 수 있습니다.
• 연체 시 계약기간 만료 전 원리금 변제의무가 발생할 수 있습니다.
• 여신심사 절차를 통한 대출 실행 최종여부는 당행의 결졍이며, 당행 여신규정 및 고객 신용도에 따라 대출이 거절될 수 있음을 알려드립니다.
• 계약 체결 전 상품설명서 및 약관을 확인하시기 바랍니다.
• 해당 상품에 대해 충분한 사전 설명을 받을 권리가 있으며, 설명을 이해한 후 거래하시기 바랍니다.
• 대출상품 이용시, 귀하의 신용등급 또는 개인신용평점이 하락될 수 있습니다.
• 신용등급 또는 개인신용평점 하락으로 금융거래가 제약될 수 있습니다.
• 연체 시 계약기간 만료 전 원리금 변제의무가 발생할 수 있습니다.
• 여신심사 절차를 통한 대출 실행 최종여부는 당행의 결졍이며, 당행 여신규정 및 고객 신용도에 따라 대출이 거절될 수 있음을 알려드립니다.
• 계약 체결 전 상품설명서 및 약관을 확인하시기 바랍니다.
• 해당 상품에 대해 충분한 사전 설명을 받을 권리가 있으며, 설명을 이해한 후 거래하시기 바랍니다.","인터넷, 모바일, 자체앱
인터넷, 모바일, 자체앱","저신용, 저소득 서민들의 금융지원을 위해 저축은행과 정부가 재원을 출연하여 제공하는 정책금융대출
저신용, 저소득 서민들의 금융지원을 위해 저축은행과 정부가 재원을 출연하여 제공하는 정책금융대출","최대 1.5%
최대 1.5%","최대 5년 이내
최대 5년 이내",,,,
융창저축은행,근로자햇살론,"2,000만원",9.23%,9.24%,9.03%,8.99%,8.97%,8.96%,8.93%,8.97%,"-금리 연 11.5%이내(기준일자 2025.01.03)
 매월 금융감독원에서 통보하는 상한금리 이내에서 고객신용도별 햇살론 
 적용 금리
-변동금리(저축은행 전체 전전월 1년 만기 정기예금 가중평균금리에 연동)
-금리정보는 광고게시 시점 기준으로 산정되었으며, 자세한 금리정보는 해당 금융기관 홈페이지 또는 영업점에서 확인 필요
-금리 연 11.5%이내(기준일자 2025.01.03)
 매월 금융감독원에서 통보하는 상한금리 이내에서 고객신용도별 햇살론 
 적용 금리
-변동금리(저축은행 전체 전전월 1년 만기 정기예금 가중평균금리에 연동)
-금리정보는 광고게시 시점 기준으로 산정되었으며, 자세한 금리정보는 해당 금융기관 홈페이지 또는 영업점에서 확인 필요",,"최대 2,000만원이내
최대 2,000만원이내","3년 또는 5년
3년 또는 5년","변동금리(12개월 단위 변동)
변동금리(12개월 단위 변동)","매월 원금균등분할
매월 원금균등분할","대출금리 + 연 3.0% (최대 연 20%이내)
대출금리 + 연 3.0% (최대 연 20%이내)","매월 후취(대출약정일 또는 응당일 부과)
매월 후취(대출약정일 또는 응당일 부과)","없음
없음",,,"연소득 3,500만원 이하, 또는 연소득 4,500만원 이하이면서 
개인신용평점 하위 20%이하의 최근 1년 내 3개월 이상 
재직 및 현직장 1개월 이상 근무중인 근로자 (4대보험미가입자/프리랜서 제외)
연소득 3,500만원 이하, 또는 연소득 4,500만원 이하이면서 
개인신용평점 하위 20%이하의 최근 1년 내 3개월 이상 
재직 및 현직장 1개월 이상 근무중인 근로자 (4대보험미가입자/프리랜서 제외)",,,"[기본] 신분증(앞면)
[재직소득증빙] 건강ㆍ장기요양보험료 납부확인서, 건강보험자격득실확인서, 소득금액증명원, 근로소득원천징수영수증 등
- 대출상담 [융창저축은행 개인금융팀 ☎ 1522-9119]
[기본] 신분증(앞면)
[재직소득증빙] 건강ㆍ장기요양보험료 납부확인서, 건강보험자격득실확인서, 소득금액증명원, 근로소득원천징수영수증 등
- 대출상담 [융창저축은행 개인금융팀 ☎ 1522-9119]",,,"서민금융진흥원 보증수수료 : 보증금액의 연 2.5%이내
① 사회적 배려대상자 및 근로장려금수급자, 자활근로자의 경우 보증금액의 1% 인하
② 저소득청년(만34세이하, 연소득 3,500만원이하)의 경우 보증금액의 0.5%p인하
  (①,② 중복적용불가)
③ 금융교육 또는 신용, 부채컨설팅 교육 이수시, 국민취업지원제도 참여 취업자
  보증료율 0.1%p인하
※ 대출금리가 연 10.5%를 초과하는 경우에는, 동 초과분의 60%에 해당하는 만큼의 
  보증료율을 인하
서민금융진흥원 보증수수료 : 보증금액의 연 2.5%이내
① 사회적 배려대상자 및 근로장려금수급자, 자활근로자의 경우 보증금액의 1% 인하
② 저소득청년(만34세이하, 연소득 3,500만원이하)의 경우 보증금액의 0.5%p인하
  (①,② 중복적용불가)
③ 금융교육 또는 신용, 부채컨설팅 교육 이수시, 국민취업지원제도 참여 취업자
  보증료율 0.1%p인하
※ 대출금리가 연 10.5%를 초과하는 경우에는, 동 초과분의 60%에 해당하는 만큼의 
  보증료율을 인하","계약 체결 전 상품설명서 및 약관을 확인하시기 바랍니다.
해당 상품에 대해 충분한 사전 설명을 받을 권리가 있으며, 설명을 이해한 후 거래하시기 바랍니다.
과도한 대출은 개인신용평점 하락의 원인이 될 수 있습니다.
개인신용평점 하락으로 금융거래의 제약 또는 불이익이 발생할 수 있습니다.
연체 시 계약기간 만료 전 원리금 변제의무가 발생할 수 있습니다.
계약 체결 전 상품설명서 및 약관을 확인하시기 바랍니다.
해당 상품에 대해 충분한 사전 설명을 받을 권리가 있으며, 설명을 이해한 후 거래하시기 바랍니다.
과도한 대출은 개인신용평점 하락의 원인이 될 수 있습니다.
개인신용평점 하락으로 금융거래의 제약 또는 불이익이 발생할 수 있습니다.
연체 시 계약기간 만료 전 원리금 변제의무가 발생할 수 있습니다.","온라인/오프라인
온라인/오프라인","제도권금융 접근이 어려운 저소득·저신용 근로자 대상으로 정부 보증을 통해 대출이 실행되는 정책상품
제도권금융 접근이 어려운 저소득·저신용 근로자 대상으로 정부 보증을 통해 대출이 실행되는 정책상품",,,,,,
융창저축은행,온라인햇살론,"2,000만원",9.23%,9.24%,9.02%,8.99%,8.97%,8.96%,8.93%,8.97%,"-일반 햇살론 금리 –0.5% 적용(기준일자 2025.01.03)
매월 금융감독원에서 통보하는 상한금리 이내에서 고객신용도별 햇살론 
 적용 금리
-변동금리(저축은행 전체 전전월 1년 만기 정기예금 가중평균금리에 연동)
-금리정보는 광고게시 시점 기준으로 산정되었으며, 자세한 금리정보는 해당 금융기관 홈페이지 또는 영업점에서 확인 필요
-일반 햇살론 금리 –0.5% 적용(기준일자 2025.01.03)
매월 금융감독원에서 통보하는 상한금리 이내에서 고객신용도별 햇살론 
 적용 금리
-변동금리(저축은행 전체 전전월 1년 만기 정기예금 가중평균금리에 연동)
-금리정보는 광고게시 시점 기준으로 산정되었으며, 자세한 금리정보는 해당 금융기관 홈페이지 또는 영업점에서 확인 필요",,"최대 2,000만원이내
최대 2,000만원이내","3년 또는 5년
3년 또는 5년","변동금리(12개월 단위 변동)
변동금리(12개월 단위 변동)","매월 원금균등분할
매월 원금균등분할","대출금리 + 연 3.0% (최대 연 20%이내)
대출금리 + 연 3.0% (최대 연 20%이내)","매월 후취(대출약정일 또는 응당일 부과)
매월 후취(대출약정일 또는 응당일 부과)","없음
없음",,,"연소득 3,500만원 이하, 또는 연소득 4,500만원 이하이면서 
개인신용평점 하위 20%이하의 최근 1년 내 3개월 이상 
재직 및 현직장 1개월 이상 근무중인 근로자 (4대보험미가입자/프리랜서 제외)
연소득 3,500만원 이하, 또는 연소득 4,500만원 이하이면서 
개인신용평점 하위 20%이하의 최근 1년 내 3개월 이상 
재직 및 현직장 1개월 이상 근무중인 근로자 (4대보험미가입자/프리랜서 제외)",,,"[기본] 신분증(앞면)
[스크래핑] 주민등록등본, 건강ㆍ장기요양보험료 납부확인서, 건강보험자격득실확인서
- 대출상담 [융창저축은행 개인금융팀 ☎ 1522-9119]
[기본] 신분증(앞면)
[스크래핑] 주민등록등본, 건강ㆍ장기요양보험료 납부확인서, 건강보험자격득실확인서
- 대출상담 [융창저축은행 개인금융팀 ☎ 1522-9119]",,,"서민금융진흥원 보증수수료 : 보증금액의 연 2.5%이내
① 사회적 배려대상자 및 근로장려금수급자, 자활근로자의 경우 보증금액의 1% 인하
② 저소득청년(만34세이하, 연소득 3,500만원이하)의 경우 보증금액의 0.5%p인하
  (①,② 중복적용불가)
③ 금융교육 또는 신용, 부채컨설팅 교육 이수시, 국민취업지원제도 참여 취업자
  보증료율 0.1%p인하
※ 대출금리가 연 10.5%를 초과하는 경우에는, 동 초과분의 60%에 해당하는 만큼의 
  보증료율을 인하
서민금융진흥원 보증수수료 : 보증금액의 연 2.5%이내
① 사회적 배려대상자 및 근로장려금수급자, 자활근로자의 경우 보증금액의 1% 인하
② 저소득청년(만34세이하, 연소득 3,500만원이하)의 경우 보증금액의 0.5%p인하
  (①,② 중복적용불가)
③ 금융교육 또는 신용, 부채컨설팅 교육 이수시, 국민취업지원제도 참여 취업자
  보증료율 0.1%p인하
※ 대출금리가 연 10.5%를 초과하는 경우에는, 동 초과분의 60%에 해당하는 만큼의 
  보증료율을 인하","계약 체결 전 상품설명서 및 약관을 확인하시기 바랍니다.
해당 상품에 대해 충분한 사전 설명을 받을 권리가 있으며, 설명을 이해한 후 거래하시기 바랍니다.
과도한 대출은 개인신용평점 하락의 원인이 될 수 있습니다.
개인신용평점 하락으로 금융거래의 제약 또는 불이익이 발생할 수 있습니다.
연체 시 계약기간 만료 전 원리금 변제의무가 발생할 수 있습니다.
계약 체결 전 상품설명서 및 약관을 확인하시기 바랍니다.
해당 상품에 대해 충분한 사전 설명을 받을 권리가 있으며, 설명을 이해한 후 거래하시기 바랍니다.
과도한 대출은 개인신용평점 하락의 원인이 될 수 있습니다.
개인신용평점 하락으로 금융거래의 제약 또는 불이익이 발생할 수 있습니다.
연체 시 계약기간 만료 전 원리금 변제의무가 발생할 수 있습니다.","온라인
온라인","저신용, 저소득 서민들의 금융지원을 위해 저축은행과 정부가 재원을 출연하여 제공하는 정책금융대출
저신용, 저소득 서민들의 금융지원을 위해 저축은행과 정부가 재원을 출연하여 제공하는 정책금융대출",,,,,,
하나저축은행,햇살론,"2,000만원",9.21%,8.90%,9.17%,9.08%,8.99%,8.97%,8.96%,8.99%,"•연7.25%~연10%대 (변동, 기준일자: 매월 1일)
※ 대출약정 후 12개월 단위로 금리변동
•대출금리=기준금리+가산금리(12개월 변동금리)
•기준금리: 전전월 저축은행 전체 1년만기 정기예금 가중평균금리(신규취급액기준)
•가산금리: 고객신용평점 등에 따라 달리 적용
•비대면(온라인) 햇살론 진행 시 0.5% 인하
•만 34세 이하 저소득(3,500만원 이하) 근로자 0.2% 인하
* 금리정보는 광고게시 시점 기준으로 산정되었으며, 자세한 금리정보는
 해당 금융기관 홈페이지나 영업점에서 확인이 필요합니다.
•연7.25%~연10%대 (변동, 기준일자: 매월 1일)
※ 대출약정 후 12개월 단위로 금리변동
•대출금리=기준금리+가산금리(12개월 변동금리)
•기준금리: 전전월 저축은행 전체 1년만기 정기예금 가중평균금리(신규취급액기준)
•가산금리: 고객신용평점 등에 따라 달리 적용
•비대면(온라인) 햇살론 진행 시 0.5% 인하
•만 34세 이하 저소득(3,500만원 이하) 근로자 0.2% 인하
* 금리정보는 광고게시 시점 기준으로 산정되었으며, 자세한 금리정보는
 해당 금융기관 홈페이지나 영업점에서 확인이 필요합니다.",,"최소 100만원 ~ 최대 2,000만원(개인신용평점별 차등)
최소 100만원 ~ 최대 2,000만원(개인신용평점별 차등)","3년 또는 5년 중 택일 가능
3년 또는 5년 중 택일 가능","변동금리
변동금리","원금균등분할상환
원금균등분할상환","대출약정금리 + 3.0% (최대 연19.99% 이내)
대출약정금리 + 3.0% (최대 연19.99% 이내)","매월 후취(대출실행 응당일)
매월 후취(대출실행 응당일)","해당사항 없음
해당사항 없음",,,"•대출 신청일 현재 최근 1년이내 3개월이상 재직·소득 확인시(농축임어업인추가)이 가능한 만19세 이상 근로자 
다만, 근로소득자는 현 직장 1개월 이상 근로 및 급여수령 필수
•연소득 3,500만원 이하
•연소득 3,500만원 초과 ~ 연소득 4,500만원 이하
•현재 1개 이상의 「신용정보의 이용 및 보호에 관한 법률(이하 ‘신용정보법’)」제2조제5호가목에 따른 개인신용평가회사(「신용정보법」제5조제1항에 따른 전문개인신용평가업을 영위하는 회사는 제외한다. 이와 같다.)가 산정한 개인신용평점이 하위 100분의 20에 해당되는 자
•나이스 신용평점 355점 이상
•제외대상: 부도, 금융채무 불이행자, 파산절차 진행중인 자, 개인회생 및 보증사고 관련자 등 연소득 4500만원 초과 근로자
•대출 신청일 현재 최근 1년이내 3개월이상 재직·소득 확인시(농축임어업인추가)이 가능한 만19세 이상 근로자 
다만, 근로소득자는 현 직장 1개월 이상 근로 및 급여수령 필수
•연소득 3,500만원 이하
•연소득 3,500만원 초과 ~ 연소득 4,500만원 이하
•현재 1개 이상의 「신용정보의 이용 및 보호에 관한 법률(이하 ‘신용정보법’)」제2조제5호가목에 따른 개인신용평가회사(「신용정보법」제5조제1항에 따른 전문개인신용평가업을 영위하는 회사는 제외한다. 이와 같다.)가 산정한 개인신용평점이 하위 100분의 20에 해당되는 자
•나이스 신용평점 355점 이상
•제외대상: 부도, 금융채무 불이행자, 파산절차 진행중인 자, 개인회생 및 보증사고 관련자 등 연소득 4500만원 초과 근로자",,,,,,"•보증수수료 : 연 2.5%(일시납/분할납 선택, 단 사회적배려대상자의 경우 연 1.5%)
•보증료 우대 대상
① 저소득 청년(만 34세 이하 연소득 3,500만원 이하)의 경우 연 2%
② 근로장려수급자자활근로자의 경우 연 1.5%
•보증료 인하 : 대출금리 10.5%를 초과하는 경우, 동 초과분의 60%에 해당하는 만큼의 보증료율 인하
•인지대 : 해당사항없음(5,000만원 이하)
•취급수수료 : 해당사항없음
•보증수수료 : 연 2.5%(일시납/분할납 선택, 단 사회적배려대상자의 경우 연 1.5%)
•보증료 우대 대상
① 저소득 청년(만 34세 이하 연소득 3,500만원 이하)의 경우 연 2%
② 근로장려수급자자활근로자의 경우 연 1.5%
•보증료 인하 : 대출금리 10.5%를 초과하는 경우, 동 초과분의 60%에 해당하는 만큼의 보증료율 인하
•인지대 : 해당사항없음(5,000만원 이하)
•취급수수료 : 해당사항없음","•금리인하요구권: 대출실행일 이후 신용등급 또는 개인신용평점 상승으로 상환능력이 변동된 경우 금리인하를 요구할 수 있습니다.
(단, 평가결과에 따라 금리인하가 거절 될 수 있습니다.)
•청약철회권: 대출실행일로부터 14일 이내(기간의 말일이 휴일인 경우 다음 영업일까지) 대출계약에 대한 청약을 철회할 수 있습니다.
(단, 이미 공급받은 금전, 재화와 그에 대한 이자 및 수수료는 반환하여야 합니다)
•위법계약해지권: 「금융소비자 보호에 관한 법률」에서 정하는 적합성원칙, 적정성원칙 및 설명의무를 위반하였거나, 불공정영업행위 혹은 부당권유행위를 하여 대출계약을 체결한 경우 ‘법 위반 사실을 안 날’부터 1년(계약체결일로부터 5년 이내의 범위에 있어야 함) 이내에 해당 계약의 해지를 요구할 수 있습니다.
•자료열람요구권: 금융소비자는 「금융소비자보호에 관한 법률」 제36조에 따른 분쟁조정 또는 소송 등 권리구제를 위한 목적으로 저축은행에 자료의 열람을 요구할 수 있습니다.

•계약 체결 전 상품설명서 및 약관을 확인해주세요.
•해당 상품에 대해 충분한 사전 설명을 받을 권리가 있습니다. 설명을 충분히 이해한 후 거래해주세요.
•대출 심사 내용에 따라 추가 서류를 요청할 수 있습니다.
•저축은행의 심사기준과 손님의 신용점수에 따라 대출여부가 결정되며, 금리 및 한도가 달라질 수 있습니다.
•손님의 신용점수에 따라 대출금리가 차등 적용되며, 대출이 제한될 수 있습니다.
•대출상품 이용 시 손님의 개인신용평점이 하락될 수 있습니다.
•개인신용평점 하락으로 금융거래 제약이나 불이익이 발생할 수 있습니다.
•과도한 대출은 개인신용평점 하락의 원인이 될 수 있습니다.
•대출이자 또는 원금 연체 시 신용상에 불이익을 받을 수 있습니다.
•연체 시 계약기간 만료 전 원리금 변제의무가 발생할 수 있습니다.
•자세한 사항은 하나저축은행 홈페이지를 참고하거나 고객센터(1600-9888)로 문의해주세요.
•위 내용은 하나저축은행 홈페이지 상품공시실 내용과 같습니다.
•금리인하요구권: 대출실행일 이후 신용등급 또는 개인신용평점 상승으로 상환능력이 변동된 경우 금리인하를 요구할 수 있습니다.
(단, 평가결과에 따라 금리인하가 거절 될 수 있습니다.)
•청약철회권: 대출실행일로부터 14일 이내(기간의 말일이 휴일인 경우 다음 영업일까지) 대출계약에 대한 청약을 철회할 수 있습니다.
(단, 이미 공급받은 금전, 재화와 그에 대한 이자 및 수수료는 반환하여야 합니다)
•위법계약해지권: 「금융소비자 보호에 관한 법률」에서 정하는 적합성원칙, 적정성원칙 및 설명의무를 위반하였거나, 불공정영업행위 혹은 부당권유행위를 하여 대출계약을 체결한 경우 ‘법 위반 사실을 안 날’부터 1년(계약체결일로부터 5년 이내의 범위에 있어야 함) 이내에 해당 계약의 해지를 요구할 수 있습니다.
•자료열람요구권: 금융소비자는 「금융소비자보호에 관한 법률」 제36조에 따른 분쟁조정 또는 소송 등 권리구제를 위한 목적으로 저축은행에 자료의 열람을 요구할 수 있습니다.

•계약 체결 전 상품설명서 및 약관을 확인해주세요.
•해당 상품에 대해 충분한 사전 설명을 받을 권리가 있습니다. 설명을 충분히 이해한 후 거래해주세요.
•대출 심사 내용에 따라 추가 서류를 요청할 수 있습니다.
•저축은행의 심사기준과 손님의 신용점수에 따라 대출여부가 결정되며, 금리 및 한도가 달라질 수 있습니다.
•손님의 신용점수에 따라 대출금리가 차등 적용되며, 대출이 제한될 수 있습니다.
•대출상품 이용 시 손님의 개인신용평점이 하락될 수 있습니다.
•개인신용평점 하락으로 금융거래 제약이나 불이익이 발생할 수 있습니다.
•과도한 대출은 개인신용평점 하락의 원인이 될 수 있습니다.
•대출이자 또는 원금 연체 시 신용상에 불이익을 받을 수 있습니다.
•연체 시 계약기간 만료 전 원리금 변제의무가 발생할 수 있습니다.
•자세한 사항은 하나저축은행 홈페이지를 참고하거나 고객센터(1600-9888)로 문의해주세요.
•위 내용은 하나저축은행 홈페이지 상품공시실 내용과 같습니다.","모바일웹, 모바일 앱, PC웹
모바일웹, 모바일 앱, PC웹",,,,,,,
BNK저축은행,햇살론,"2,000만원",9.46%,9.44%,9.37%,9.20%,9.03%,8.92%,8.82%,9.01%,"연 8%대 ~ 연 11%대(기준일자: 2025.01.01)
[대출금리 : 기준금리 + 가산금리]
연 8%대 ~ 연 11%대(기준일자: 2025.01.01)
[대출금리 : 기준금리 + 가산금리]",,"최대 2천만원
최대 2천만원","36개월 또는 60개월
36개월 또는 60개월","변동금리 (3,6,12개월 단위 선택 가능)
변동금리 (3,6,12개월 단위 선택 가능)","원금균등상환방식
원금균등상환방식","약정이율 + 최대 3%(단, 법정 최고금리 연 20% 이내)
약정이율 + 최대 3%(단, 법정 최고금리 연 20% 이내)","매월후취
매월후취","없음
없음",,,"개인신용평점 하위 100분의 20이하(연간소득 4,500만원 이하) 또는 연간소득 3,500만원 이하의 3개월이상 재직중인 근로자
개인신용평점 하위 100분의 20이하(연간소득 4,500만원 이하) 또는 연간소득 3,500만원 이하의 3개월이상 재직중인 근로자",,,"신분증
신분증",,,"서민금융진흥원 보증금액의 연2.5% 이내
(단, 사회적배려대상 연1.5%, 저소득청년 연 2.0% 이내)
서민금융진흥원 보증금액의 연2.5% 이내
(단, 사회적배려대상 연1.5%, 저소득청년 연 2.0% 이내)","저축은행 심사기준과 고객 신용도에 따라 대출여부가 결정됩니다.
대출금리는 기준금리 변동에 따라 변경될 수 있습니다.
기간연장시점에 개인신상에 변경이 있는 경우 연체이율이 적용되며, 예금 등 기타 채권과의 상계나 법적절차 등으로 재산상의 불이익을 당하실 수 있습니다.
개인신용평점 하락으로 금융거래의 제약 또는 불이익이 발생할 수 있습니다.
연체 시 계약기한 만료 전 원리금 변제의무가 발생할 수 있습니다.
과도한 대출은 개인신용평점 하락의 원인이 될 수 있습니다.
계약체결 전 상품설명서 및 약관을 확인하시기 바랍니다.
해당상품에 대해 충분한 사전 설명을 받을 권리가 있으며, 설명을 이해한 후 거래하시기 바랍니다.
채무자인 고객은 본인의 재무상태 개선 또는 신용도가 상승하였다고 판단되는 경우(취업, 승진, 이직 등으로 소득증가, 신용등급 또는 개인신용평점 개선 등)에는
당사에 금리인하를 요구할 수 있습니다. 단, 심사결과에 따라 금리인하가 불가할 수 있으니 유의하시기 바랍니다.
금리정보는 광고게시 시점 기준으로 산정되었으며, 자세한 금리정보 및 기타 사항은 영업점으로 문의하시거나, 홈페이지 (www.bnksb.com) 참조하시기 바랍니다.
기타 자세한 내용은 BNK저축은행 콜센터(1688-7009)로 문의하시거나 상품설명서를 반드시 참조하시기 바랍니다.
저축은행 심사기준과 고객 신용도에 따라 대출여부가 결정됩니다.
대출금리는 기준금리 변동에 따라 변경될 수 있습니다.
기간연장시점에 개인신상에 변경이 있는 경우 연체이율이 적용되며, 예금 등 기타 채권과의 상계나 법적절차 등으로 재산상의 불이익을 당하실 수 있습니다.
개인신용평점 하락으로 금융거래의 제약 또는 불이익이 발생할 수 있습니다.
연체 시 계약기한 만료 전 원리금 변제의무가 발생할 수 있습니다.
과도한 대출은 개인신용평점 하락의 원인이 될 수 있습니다.
계약체결 전 상품설명서 및 약관을 확인하시기 바랍니다.
해당상품에 대해 충분한 사전 설명을 받을 권리가 있으며, 설명을 이해한 후 거래하시기 바랍니다.
채무자인 고객은 본인의 재무상태 개선 또는 신용도가 상승하였다고 판단되는 경우(취업, 승진, 이직 등으로 소득증가, 신용등급 또는 개인신용평점 개선 등)에는
당사에 금리인하를 요구할 수 있습니다. 단, 심사결과에 따라 금리인하가 불가할 수 있으니 유의하시기 바랍니다.
금리정보는 광고게시 시점 기준으로 산정되었으며, 자세한 금리정보 및 기타 사항은 영업점으로 문의하시거나, 홈페이지 (www.bnksb.com) 참조하시기 바랍니다.
기타 자세한 내용은 BNK저축은행 콜센터(1688-7009)로 문의하시거나 상품설명서를 반드시 참조하시기 바랍니다.","모바일
모바일","저신용, 저소득 서민들의 금융지원을 위해 저축은행과 정부가 재원을 출연하여 제공하는 정책금융대출
저신용, 저소득 서민들의 금융지원을 위해 저축은행과 정부가 재원을 출연하여 제공하는 정책금융대출",,"36개월 또는 60개월
36개월 또는 60개월",,,,
NH저축은행,NH온라인햇살론,"2,000만원",9.74%,9.52%,9.39%,9.35%,9.30%,9.35%,9.40%,9.36%,"연 9% ~ 10%대(변동)
금리정보는 광고게시 시점 기준으로 산정되었으며, 자세한 금리정보는 NH저축은행 홈페이지에서 확인 필요
연 9% ~ 10%대(변동)
금리정보는 광고게시 시점 기준으로 산정되었으며, 자세한 금리정보는 NH저축은행 홈페이지에서 확인 필요",,,,,"원금균등분할상환
원금균등분할상환","연체이율 :대출금리 + 연3% (단, 법정최고금리 이내 : 20%)
연체이율 :대출금리 + 연3% (단, 법정최고금리 이내 : 20%)",,"없음
없음",,,,,,"본인명의 휴대폰과 금융인증서(추천) 또는 공동인증서 필수
본인명의 휴대폰과 금융인증서(추천) 또는 공동인증서 필수",,,"보증금액의 연2.0% 이내(대출취급시 수취)
① 저소득청년대상자 연 0.5% 할인 (연소득 3,500만원 이하 및 만 34세 이하)
② 사회적배려대상자의 경우 연1% 할인(대출 신청 전 서류 제출 必)
③ 금융교육이수자 보증료 0.1% 할인
단 ①,②중복적용 불가
보증금액의 연2.0% 이내(대출취급시 수취)
① 저소득청년대상자 연 0.5% 할인 (연소득 3,500만원 이하 및 만 34세 이하)
② 사회적배려대상자의 경우 연1% 할인(대출 신청 전 서류 제출 必)
③ 금융교육이수자 보증료 0.1% 할인
단 ①,②중복적용 불가","대출상품의 경고문구
⚫ 과도한 대출은 개인신용평점 하락의 원인이 될 수 있습니다.
⚫ 개인신용평점 하락으로 금융거래의 제약 또는 불이익이 발생할 수 있습니다.
⚫ 연체 시 계약기간 만료 전 원리금 변제의무가 발생할 수 있습니다.



금융소비자권리
금리인하요구권 : 금융소비자가 본인의 신용상태가 개선되었다고 판단되는 경우(재무상태 개선·회사채 등급 또는 개인신용평점 상승·추가담보제공·거래실적 개선·연체이력 해소 등) 금리인하를 요구할 수 있습니다.(단, 심사결과에 따라 금리인하가 거절될 수 있습니다.)
청약철회권 : 계약체결일, 계약서류를 받은 날, 대출금 수령일로부터 14일 내에 대출 계약에 대한 청약을 철회할 수 있습니다.(단, 이미 수령한 대출금과 이에 대한 이자, 대출과 관련하여 발생한 비용은 반환하여야 합니다.)
위법계약해지권 :금융회사가「금융소비자 보호에 관한 법률」상의 의무(적합성원칙, 적정성원칙 및 설명의무, 불공정영업행위, 부당권유행위)를 위반하여 대출계약을 체결한 경우, 금융소비자는 법 위반 사실을 안날로부터 1년 이내의 기간으로 계약체결일로부터 5년 이내에 위약금 등 수수료부과 없이 해지할 수 있습니다.
자료열람요구권 : 금융소비자는 「금융소비자 보호에 관한 법률」제36조에 따른 분쟁조정 또는 소송 등 권리구제를 위한 목적으로 저축은행에 자료의 열람을 요구할 수 있습니다.



유의사항
⚫ 계약 체결 전 상품설명서 및 약관을 확인하시기 바랍니다.
⚫ 해당 상품에 대한 충분한 사전 설명을 받을 권리가 있으며, 설명을 이해한 후 거래하시기 바랍니다.
⚫ 금융기관 신용정보관리대상 고객 및 NH저축은행에서 정한 대출부적격자는 대출이 제한될 수 있습니다.
⚫ 대출원리금 혹은 만기경과 후 미상환시 대출잔액에 대한 연체이자(약정이율+3% 단, 법정최고금리이내) 납부 및 신용정보관리대상자 등록 등의 불이익을 받을 수 있습니다. 
⚫ 기타 자세한 내용은 창구직원 또는 고객센터(1566-9574)로 문의하시거나, NH저축은행 홈페이지(www.nhsavingsbank.co.kr)를 반드시 참조하시기 바랍니다.
대출상품의 경고문구
⚫ 과도한 대출은 개인신용평점 하락의 원인이 될 수 있습니다.
⚫ 개인신용평점 하락으로 금융거래의 제약 또는 불이익이 발생할 수 있습니다.
⚫ 연체 시 계약기간 만료 전 원리금 변제의무가 발생할 수 있습니다.



금융소비자권리
금리인하요구권 : 금융소비자가 본인의 신용상태가 개선되었다고 판단되는 경우(재무상태 개선·회사채 등급 또는 개인신용평점 상승·추가담보제공·거래실적 개선·연체이력 해소 등) 금리인하를 요구할 수 있습니다.(단, 심사결과에 따라 금리인하가 거절될 수 있습니다.)
청약철회권 : 계약체결일, 계약서류를 받은 날, 대출금 수령일로부터 14일 내에 대출 계약에 대한 청약을 철회할 수 있습니다.(단, 이미 수령한 대출금과 이에 대한 이자, 대출과 관련하여 발생한 비용은 반환하여야 합니다.)
위법계약해지권 :금융회사가「금융소비자 보호에 관한 법률」상의 의무(적합성원칙, 적정성원칙 및 설명의무, 불공정영업행위, 부당권유행위)를 위반하여 대출계약을 체결한 경우, 금융소비자는 법 위반 사실을 안날로부터 1년 이내의 기간으로 계약체결일로부터 5년 이내에 위약금 등 수수료부과 없이 해지할 수 있습니다.
자료열람요구권 : 금융소비자는 「금융소비자 보호에 관한 법률」제36조에 따른 분쟁조정 또는 소송 등 권리구제를 위한 목적으로 저축은행에 자료의 열람을 요구할 수 있습니다.



유의사항
⚫ 계약 체결 전 상품설명서 및 약관을 확인하시기 바랍니다.
⚫ 해당 상품에 대한 충분한 사전 설명을 받을 권리가 있으며, 설명을 이해한 후 거래하시기 바랍니다.
⚫ 금융기관 신용정보관리대상 고객 및 NH저축은행에서 정한 대출부적격자는 대출이 제한될 수 있습니다.
⚫ 대출원리금 혹은 만기경과 후 미상환시 대출잔액에 대한 연체이자(약정이율+3% 단, 법정최고금리이내) 납부 및 신용정보관리대상자 등록 등의 불이익을 받을 수 있습니다. 
⚫ 기타 자세한 내용은 창구직원 또는 고객센터(1566-9574)로 문의하시거나, NH저축은행 홈페이지(www.nhsavingsbank.co.kr)를 반드시 참조하시기 바랍니다.",,,,"3년 또는 5년
3년 또는 5년","300만원 ~ 2,000만원  이내(생계자금)
300만원 ~ 2,000만원  이내(생계자금)","3개월 이상  계속 근로 중인 급여소득자로 연소득 4,500만원 이하이면서 1개사 이상의 CSS개인신용평점이 하위 20/100이하, 또는 연간근로소득이  3,500만원 이하인 자
3개월 이상  계속 근로 중인 급여소득자로 연소득 4,500만원 이하이면서 1개사 이상의 CSS개인신용평점이 하위 20/100이하, 또는 연간근로소득이  3,500만원 이하인 자",,
KB저축은행,햇살론(생계자금),"2,000만원",9.50%,9.61%,9.47%,9.43%,9.38%,9.39%,9.27%,9.42%,"일반햇살론 : 연 11.50%
온라인햇살론 : 기존 햇살론 대비 0.5%p 할인(연 11%)
일반햇살론 : 연 11.50%
 온라인햇살론 : 기존 햇살론 대비 0.5%p 할인(연 11%)",,"최대 2,000만원
최대 2,000만원",,"변동금리
변동금리",,"대출금리(약정이자율) + 연체가산이자율 3%
(※연체이자율상한 : 연 20%이내)
대출금리(약정이자율) + 연체가산이자율 3%
(※연체이자율상한 : 연 20%이내)","매월 후취
매월 후취",,,,"소득증빙이 가능한 만 19세 이상 내국인, 3개월 이상 계속 근로중인 근로자
연소득 4,500만원 이하이면서 1개사 이상의 CSS 개인신용평점이 하위 20/100인 고객
(단, 연소득이 3,500만원 이하인 경우 신용도와 무관하게 가능)
소득증빙이 가능한 만 19세 이상 내국인, 3개월 이상 계속 근로중인 근로자
 연소득 4,500만원 이하이면서 1개사 이상의 CSS 개인신용평점이 하위 20/100인 고객
(단, 연소득이 3,500만원 이하인 경우 신용도와 무관하게 가능)",,,"(온라인) 햇살론 본인 및 소득확인
햇살론 본인 및 소득확인
신분증, 공동인증서, 국민건강보험공단 자격득실확인서, 보험료 납부확인서
온라인햇살론으로 진행 시 방문 자서 및 서류제출이 생략됩니다.
공동인증서를 통한 자동제출
신분증, 주민등록등본, 재직증명서, 급여통장 거래내역조회표 등
발급일 1개월 이내 서류만 인정되며, 대출 심사시 내용에 따라 추가 서류를 요청할 수 있습니다.
(온라인) 햇살론 본인 및 소득확인
신분증, 공동인증서, 국민건강보험공단 자격득실확인서, 보험료 납부확인서
온라인햇살론으로 진행 시 방문 자서 및 서류제출이 생략됩니다.
공동인증서를 통한 자동제출
 햇살론 본인 및 소득확인
신분증, 주민등록등본, 재직증명서, 급여통장 거래내역조회표 등
발급일 1개월 이내 서류만 인정되며, 대출 심사시 내용에 따라 추가 서류를 요청할 수 있습니다.",,,,,"모바일,인터넷,영업점","제도권금융 접근이 어려운 저소득·저신용 근로자 대상으로 정부 보증을 통해 대출이 실행되는 정책상품
제도권금융 접근이 어려운 저소득·저신용 근로자 대상으로 정부 보증을 통해 대출이 실행되는 정책상품",,,,,,
IBK저축은행,온라인햇살론(간편대출),"2,000만원",9.48%,9.64%,9.53%,9.42%,9.41%,정보 없음,9.38%,9.45%,"연 7~8%대(12개월 변동금리)
* 기준일자 : 2025.04.09.
* 대출금리=기준금리+가산금리
 - 기준금리:전전월 저축은행 전체 1년 만기정기예금 가중평균금리
 - 가산금리:고객 신용평점 등에 따라 달리 적용
연 7~8%대(12개월 변동금리)
* 기준일자 : 2025.04.09.
* 대출금리=기준금리+가산금리
 - 기준금리:전전월 저축은행 전체 1년 만기정기예금 가중평균금리
 - 가산금리:고객 신용평점 등에 따라 달리 적용",,"최대 2천만원
최대 2천만원","최대 60개월
최대 60개월","12개월 변동금리
12개월 변동금리","원금균등상환방식
원금균등상환방식","약정금리 + 3%, 최대 15%이내
약정금리 + 3%, 최대 15%이내","매월 후취
매월 후취","없음
없음",,,"• 3개월 이상 재직 중이며 소득증빙이 가능한 만 19세 이상의 직장인
• 연소득 4,500만원이하이면서 개인신용평점이 하위 100분의 20에 해당하는 자
* 단, 연소득 3,500만원이하인 경우 NICE신용평점과 무관하게 가능
• 서민금융진흥원 금융교육을 이수한 자(서민금융진흥원 재무진단 평가모형 4등급이하에 해당하는 자)
• 본인명의 부동산 미소유자
• 본인명의의 공동인증서, 휴대전화 보유자
• 3개월 이상 재직 중이며 소득증빙이 가능한 만 19세 이상의 직장인
• 연소득 4,500만원이하이면서 개인신용평점이 하위 100분의 20에 해당하는 자
* 단, 연소득 3,500만원이하인 경우 NICE신용평점과 무관하게 가능
• 서민금융진흥원 금융교육을 이수한 자(서민금융진흥원 재무진단 평가모형 4등급이하에 해당하는 자)
• 본인명의 부동산 미소유자
• 본인명의의 공동인증서, 휴대전화 보유자",,,"본인명의 휴대폰, 인증서, 신분증
본인명의 휴대폰, 인증서, 신분증",,,"• 서민금융진흥원 보증료 : 보증금액의 연 2%
*금융교육 또는 신용부채관리컨설팅 이수자(신청일 이전 1년이내) : 0.1% 인하
*저소득청년(연 35백만이하 및 만34세 이하) : 0.5% 인하
*대출금리가 연 10.5%를 초과하는 경우, 동 초과분(대출금리-10.5%)의 60%에 해당하는 만큼의 보증료율을 인하하여 적용
• 서민금융진흥원 보증료 : 보증금액의 연 2%
*금융교육 또는 신용부채관리컨설팅 이수자(신청일 이전 1년이내) : 0.1% 인하
*저소득청년(연 35백만이하 및 만34세 이하) : 0.5% 인하
*대출금리가 연 10.5%를 초과하는 경우, 동 초과분(대출금리-10.5%)의 60%에 해당하는 만큼의 보증료율을 인하하여 적용","º 금리정보는 광고게시 시점 기준으로 산정되었으며, 자세한 금리정보는 IBK저축은행 홈페이지 또는 영업점에서 확인하시기 바랍니다.
º 저축은행 심사기준과 고객신용도에 따라 대출여부가 결정되며, 서민금융진흥원의 보증서 발급 제한자의 경우 대출진행이 불가합니다.
º 계약 체결 전 상품설명서 및 약관을 확인하시기 바랍니다.
º 해당 상품에 대해 충분한 사전 설명을 받을 권리가 있으며, 설명을 이해한 후 거래하시기 바랍니다.
º 과도한 대출은 개인신용평점 하락의 원인이 될 수 있습니다.
º 개인신용평점 하락으로 금융거래의 제약 또는 불이익이 발생할 수 있습니다.
º 연체 시 계약기한 만료 전 원리금 변제 의무가 발생할 수 있습니다.
º 대출금 상환 지연시 예금등 기타채권과의 상계나 법적절차진행 등으로 재산상의 불이익을 받을 수 있습니다.
º 개인신용평가 결과에 따라 대출금리를 산정한 가계대출에 대하여, 채무자 본인의 신용등급 상승 시(소득증가, 자산증가, 부채감소, 신용점수 상승 등) 금리인하를 요구할 수 있으며 필요시 증빙자료를 제출해야 합니다. 단, 내부정책 또는 신용평가 결과에 따라 금리인하가 되지 않을 수 있습니다.
º 본 상품은 [금융소비자 보호에 관한 법률 제 46조] 및 관련 규정이 정하는 바에 따라 인터넷뱅킹, 서면, 전화를 통해 대출계약의 철회가 가능한 상품입니다.
º 신청후 금융사 페이지로 연결하여 대출진행에 필요한 과정을 완료해주세요.
º 상품에 대한 자세한 사항은 IBK저축은행 홈페이지(www.ibksb.co.kr)를 참조하시거나 고객센터 ☎1522-7900(평일 09:00~18:00)로 문의해 주시기 바랍니다.
º 금리정보는 광고게시 시점 기준으로 산정되었으며, 자세한 금리정보는 IBK저축은행 홈페이지 또는 영업점에서 확인하시기 바랍니다.
º 저축은행 심사기준과 고객신용도에 따라 대출여부가 결정되며, 서민금융진흥원의 보증서 발급 제한자의 경우 대출진행이 불가합니다.
º 계약 체결 전 상품설명서 및 약관을 확인하시기 바랍니다.
º 해당 상품에 대해 충분한 사전 설명을 받을 권리가 있으며, 설명을 이해한 후 거래하시기 바랍니다.
º 과도한 대출은 개인신용평점 하락의 원인이 될 수 있습니다.
º 개인신용평점 하락으로 금융거래의 제약 또는 불이익이 발생할 수 있습니다.
º 연체 시 계약기한 만료 전 원리금 변제 의무가 발생할 수 있습니다.
º 대출금 상환 지연시 예금등 기타채권과의 상계나 법적절차진행 등으로 재산상의 불이익을 받을 수 있습니다.
º 개인신용평가 결과에 따라 대출금리를 산정한 가계대출에 대하여, 채무자 본인의 신용등급 상승 시(소득증가, 자산증가, 부채감소, 신용점수 상승 등) 금리인하를 요구할 수 있으며 필요시 증빙자료를 제출해야 합니다. 단, 내부정책 또는 신용평가 결과에 따라 금리인하가 되지 않을 수 있습니다.
º 본 상품은 [금융소비자 보호에 관한 법률 제 46조] 및 관련 규정이 정하는 바에 따라 인터넷뱅킹, 서면, 전화를 통해 대출계약의 철회가 가능한 상품입니다.
º 신청후 금융사 페이지로 연결하여 대출진행에 필요한 과정을 완료해주세요.
º 상품에 대한 자세한 사항은 IBK저축은행 홈페이지(www.ibksb.co.kr)를 참조하시거나 고객센터 ☎1522-7900(평일 09:00~18:00)로 문의해 주시기 바랍니다.",,"저신용, 저소득 서민들의 금융지원을 위해 저축은행과 정부가 재원을 출연하여 제공하는 정책금융대출
저신용, 저소득 서민들의 금융지원을 위해 저축은행과 정부가 재원을 출연하여 제공하는 정책금융대출",,,,,,
우리금융저축은행,우리WON햇살론,"2,000만원",9.44%,9.51%,9.50%,9.80%,9.26%,정보 없음,정보 없음,9.47%,"연8%대 ~ 11.5%(변동금리)(기준일자:2025.05.01)(금리 구간내에서 매월 1일 변동) ※대출금리는 접수채널에 따라 상이할 수 있음
*매월 금융감독원에서 고시하는 금리(정기예금금리)를 반영하여 3,6,12개월(선택)마다 변동
*금리정보는 광고게시 시점 기준으로 산정되었으며, 자세한 금리정보는 해당 금융기관 홈페이지에서 확인 필요
연8%대 ~ 11.5%(변동금리)(기준일자:2025.05.01)(금리 구간내에서 매월 1일 변동) ※대출금리는 접수채널에 따라 상이할 수 있음
*매월 금융감독원에서 고시하는 금리(정기예금금리)를 반영하여 3,6,12개월(선택)마다 변동
*금리정보는 광고게시 시점 기준으로 산정되었으며, 자세한 금리정보는 해당 금융기관 홈페이지에서 확인 필요",,"최대 2,000만원
최대 2,000만원","3년 또는 5년
3년 또는 5년","변동금리
변동금리","원금균등 분할상환(매달 일정한 원금 및 잔액대비 이자납입)
원금균등 분할상환(매달 일정한 원금 및 잔액대비 이자납입)","약정이자율+3%(최대 연 14.5% 이내)
약정이자율+3%(최대 연 14.5% 이내)","매월 신청 납입일에 분할상환 원금과 이자납부(이자후취)
매월 신청 납입일에 분할상환 원금과 이자납부(이자후취)","없음
없음",,,"3개월 이상 계속 근로중인 근로자
서민금융진흥원의 보증서 발급이 가능한 고객
연소득 4,500만원 이하이면서 1개사 이상의 CSS 개인신용평점이 하위 20/100*인 고객
(단, 연소득이 3,500만원 이하인 경우 신용도와 무관하게 가능)
*(2025년기준 NICE 749점,KCB 700점이하)
3개월 이상 계속 근로중인 근로자
서민금융진흥원의 보증서 발급이 가능한 고객
연소득 4,500만원 이하이면서 1개사 이상의 CSS 개인신용평점이 하위 20/100*인 고객
(단, 연소득이 3,500만원 이하인 경우 신용도와 무관하게 가능)
*(2025년기준 NICE 749점,KCB 700점이하)",,,"신분증,건강보험자격득실확인서,건강보험납부 확인서
신분증,건강보험자격득실확인서,건강보험납부 확인서",,,"보증요율 연 2.5% (사회적배려대상의 경우 연 1.5%, 저소득청년의 경우 연 2.0%)
보증요율 연 2.5% (사회적배려대상의 경우 연 1.5%, 저소득청년의 경우 연 2.0%)","※대출금리는 접수채널에 따라 상이할 수 있음

※금리인하요구권안내
- 금리인하요구권이란 금융소비자가 본인의 신용상태가 개선되었다고 판단되는 경우 (취업ㆍ승진ㆍ재산증가ㆍ개인신용평점 상승 등) 저축은행에 자신이 적용받는 금리인하를 요구할 수 있는 권리(저축은행법 제 14조의 2)를 말합니다.
- 금리인하요구권은 영업점 방문 및 비대면채널(인터넷뱅킹, 모바일뱅킹, 콜센터 등)을 통해 신청가능하며 (신청시기ㆍ횟수제한 없음), 저축은행은 금리인하를 요구하는 고객에게 신용상태 개선을 확인하는데 필요한 자료를 제출하도록 요구할 수 있습니다.
- 신용상태의 개선이 경미하거나 신용상태가 금리에 영향을 미치지 않는 상품에 대해 금리인하를 요구한 경우, 고객의 금리인하 요구는 수용되지 않을 수 있습니다.
- 저축은행은 금리인하 요구를 받은 날부터 10 영업일 이내(고객에게 자료의 보완을 요구하는 날부터 자료가 제출되는 날까지의 기간은 포함되지 않습니다.)에 금리인하 요구 수용 여부 및 그 사유를 알려드립니다.
※청약철회권안내
- 일반금융소비자는 계약체결일, 계약서류를 받은 날, 대출금 수령일로부터 14일 내에 계약에 대한 청약을 철회할 수 있습니다. (다만, 철회권을 행사하여 효력이 발생한 이후에는 이를 취소할 수 없습니다.)
- 청약철회를 위해서는 영업점, 인터넷뱅킹, 스마트뱅킹 등으로 저축은행에 청약 철회의 의사표시를 해야하며, 이미 수령한 대출금과 이에 대한 이자, 대출과 관련하여 저축은행이 제 3자에게 부담한 인지세, 근저당설정비용 등을 반환하여야 합니다.
- 대출계약 철회권을 행사하는 경우에는 중도상환수수료가 면제되며, 5 영업일 이내에 해당 대출과 관련한 대출정보가 삭제됩니다.
- 대출계약 철회권을 남용하여 해당 저축은행을 대상으로 최근 1개월 내에 2회 이상 대출계약을 철회하는 경우, 신규대출ㆍ만기연장 거절, 대출한도 축소, 금리우대 제한 등 불이익이 발생할 수 있습니다.
※위법계약해지권안내
- 금융회사가 「금융소비자 보호에 관한 법률」 상 다음 의무를 위반하여 대출계약을 체결한 경우, 금융소비자는 해당 계약을 위약금 등 수수료 부과 없이 해지할 수 있습니다.
＊ 적합하지 아니하다고 인정되는 대출계약의 체결을 권유한 경우 (법 제 17조 제 2항 위반)
＊ 대출상품이 적정하지 않은 경우에도 사실을 알리지 않거나 확인받지 않은 경우 (법 제18조 제2항 위반)
＊ 설명의무를 이행하지 않은 경우 (법 제19조 제 1항ㆍ제 3항 위반)
＊ 부당권유행위를 한 경우 (법 제 21조 위반)
＊ 불공정영업행위를 한 경우 (법 제 20조 제1항 위반)
- 금융소비자는 위법계약해지권 행사를 위해 법 위반 사실을 안 날로부터 1년 이내의 기간으로 계약체결일로부터 5년 이내에 계약해지요구서에 위반사실을 입증하는 서류를 첨부하여 서면(우편, 전자우편, 문자메시지 등)등으로 계약의 해지를 요구하여야 합니다.
- 금융회사는 해지를 요구받은 날부터 10일 이내에 수락여부를 통지하여야 하며 거절 시에는 거절사유와 함께 통지해야 한다.
※자료열람요구권안내
- 금융소비자는 금소법 제 36조에 따른 분쟁조정 또는 소송 등 권리구제를 목적으로 저축은행에 자료의 열람을 요구할 수 있습니다.
＊ 이 경우, 열람요구서를 제출하여야 하며, 열람의 목적, 범위 및 방법 등을 작성하여야 합니다.
- 저축은행은 요구받은 날부터 6영업일 이내에 자료를 열람할 수 있도록 하며, 열람할 수 없는 정당한 사유가 있을 때에는 금융소비자에게 그 사유를 알리고 열람을 연기할 수 있으며, 그 사유가 소멸하면 지체없이 열람하게 하여야 합니다.
- 저축은행 심사기준과 고객 신용도에 따라 대출여부가 결정됩니다.
- 대출금리는 금융당국 기준금리 변동 또는 신용평점과 심사결과에 따라 변경 될 수 있습니다.
- 대출금의 상환 또는 이자납입이 지연될 경우 연체 이율이 적용되며 예금 등 기타 채권과의 상계나 법적 절차 
 등으로 재산상의 불이익을 당할 수 있습니다.
- 기타 자세한 내용은 대표 전화번호 1599 - 0038로 문의해 주시기 바랍니다.
- 대출과 관련하여 대출모집인 등이 고객으로부터 어떠한 명목(수수료,컨설팅비 등)금전을 받는 것은 불법이며,
 만일 금전을 지급한 경우에는 금융감독원 등에 신고하여 피해를 구제받기 바랍니다. (금융감독원 신고센터 : 02-3145-8530)
- 가계여신 채무자인 본인의 신용상태가 개선되었다고 판단되는 경우 (취업 등 직장변동 및 승진 등으로 소득 또는 재산 
 증가 신용등급개선, 전문직자격증 취득 및 종사, 추가담보제공)에는 증빙자료를 첨부한 금리 인하요구 신청서를 
 저축은행에 제출하여 금리인하를 요구할 수 있습니다.
- 저축은행은 차주의 금리인하요구가 있을 경우 다음의 어느 하나에 해당하는지를 고려하여 수용 여부를 
 판단할 수 있습니다.
＊신용상태가 금리에 영향을 미치지 않는 상품인지
＊신용상태의 개선이 경미하여 금리 재 산정에 영향을 미치지 않는지
- 저축은행은 금리인하 요구를 받은 날부터 10영업일 이내(고객에게 자료의 보완을 요구하는 날부터 자료가 제출되는 
 날까지의 기간은 미포함)에 금리인하 요구 수용 여부 및 그 사유를 고객에게 통지합니다.
- 대출은 수입과 지출을 고려해 계획적으로!
- 계약 체결 전 상품설명서 및 약관을 확인하시기 바랍니다.
- 금소법 제19조 제1항에 따라 해당상품에 대한 충분한 사전 설명을 받을 권리가 있으며, 설명을 
 이해한 후 거래하시기 바랍니다.
- 과도한 대출은 개인신용평점 하락의 원인이 될 수 있습니다.
- 개인신용평점 하락으로 금융거래의 제약 또는 불이익이 발생할 수 있습니다.
- 연체 시 계약기한 만료 전 원리금 변제의무가 발생할 수 있습니다.
- 대출계약이 신용에 미치는 영향
- 개인(신용)정보 조회는 고객님의 개인신용평점에 영향을 주지 않습니다.
- 대출계약의 체결 사실만으로도 개인신용평점이 하락할 수 있으며, 대출계약이 변제 혹은 이에 준하는 방식으로
 거래가 종료된 경우에도 일정기간 개인신용평점의 산정에 영향을 줄 수 있습니다.
- 평균적으로 연체율이 높은 금융권역(또는 형태)의 신용공여는 여타 금융권역 또는 일반적인 형태의 신용공여보다 
 신용점수가 더 큰 폭으로 하락할 수 있습니다.
- 개인신용평점 하락 시 대출 및 신용카드 상품 등의 이용에 불이익이 발생할 수 있습니다.
※대출금리는 접수채널에 따라 상이할 수 있음

※금리인하요구권안내
- 금리인하요구권이란 금융소비자가 본인의 신용상태가 개선되었다고 판단되는 경우 (취업ㆍ승진ㆍ재산증가ㆍ개인신용평점 상승 등) 저축은행에 자신이 적용받는 금리인하를 요구할 수 있는 권리(저축은행법 제 14조의 2)를 말합니다.
- 금리인하요구권은 영업점 방문 및 비대면채널(인터넷뱅킹, 모바일뱅킹, 콜센터 등)을 통해 신청가능하며 (신청시기ㆍ횟수제한 없음), 저축은행은 금리인하를 요구하는 고객에게 신용상태 개선을 확인하는데 필요한 자료를 제출하도록 요구할 수 있습니다.
- 신용상태의 개선이 경미하거나 신용상태가 금리에 영향을 미치지 않는 상품에 대해 금리인하를 요구한 경우, 고객의 금리인하 요구는 수용되지 않을 수 있습니다.
- 저축은행은 금리인하 요구를 받은 날부터 10 영업일 이내(고객에게 자료의 보완을 요구하는 날부터 자료가 제출되는 날까지의 기간은 포함되지 않습니다.)에 금리인하 요구 수용 여부 및 그 사유를 알려드립니다.
※청약철회권안내
- 일반금융소비자는 계약체결일, 계약서류를 받은 날, 대출금 수령일로부터 14일 내에 계약에 대한 청약을 철회할 수 있습니다. (다만, 철회권을 행사하여 효력이 발생한 이후에는 이를 취소할 수 없습니다.)
- 청약철회를 위해서는 영업점, 인터넷뱅킹, 스마트뱅킹 등으로 저축은행에 청약 철회의 의사표시를 해야하며, 이미 수령한 대출금과 이에 대한 이자, 대출과 관련하여 저축은행이 제 3자에게 부담한 인지세, 근저당설정비용 등을 반환하여야 합니다.
- 대출계약 철회권을 행사하는 경우에는 중도상환수수료가 면제되며, 5 영업일 이내에 해당 대출과 관련한 대출정보가 삭제됩니다.
- 대출계약 철회권을 남용하여 해당 저축은행을 대상으로 최근 1개월 내에 2회 이상 대출계약을 철회하는 경우, 신규대출ㆍ만기연장 거절, 대출한도 축소, 금리우대 제한 등 불이익이 발생할 수 있습니다.
※위법계약해지권안내
- 금융회사가 「금융소비자 보호에 관한 법률」 상 다음 의무를 위반하여 대출계약을 체결한 경우, 금융소비자는 해당 계약을 위약금 등 수수료 부과 없이 해지할 수 있습니다.
＊ 적합하지 아니하다고 인정되는 대출계약의 체결을 권유한 경우 (법 제 17조 제 2항 위반)
＊ 대출상품이 적정하지 않은 경우에도 사실을 알리지 않거나 확인받지 않은 경우 (법 제18조 제2항 위반)
＊ 설명의무를 이행하지 않은 경우 (법 제19조 제 1항ㆍ제 3항 위반)
＊ 부당권유행위를 한 경우 (법 제 21조 위반)
＊ 불공정영업행위를 한 경우 (법 제 20조 제1항 위반)
- 금융소비자는 위법계약해지권 행사를 위해 법 위반 사실을 안 날로부터 1년 이내의 기간으로 계약체결일로부터 5년 이내에 계약해지요구서에 위반사실을 입증하는 서류를 첨부하여 서면(우편, 전자우편, 문자메시지 등)등으로 계약의 해지를 요구하여야 합니다.
- 금융회사는 해지를 요구받은 날부터 10일 이내에 수락여부를 통지하여야 하며 거절 시에는 거절사유와 함께 통지해야 한다.
※자료열람요구권안내
- 금융소비자는 금소법 제 36조에 따른 분쟁조정 또는 소송 등 권리구제를 목적으로 저축은행에 자료의 열람을 요구할 수 있습니다.
＊ 이 경우, 열람요구서를 제출하여야 하며, 열람의 목적, 범위 및 방법 등을 작성하여야 합니다.
- 저축은행은 요구받은 날부터 6영업일 이내에 자료를 열람할 수 있도록 하며, 열람할 수 없는 정당한 사유가 있을 때에는 금융소비자에게 그 사유를 알리고 열람을 연기할 수 있으며, 그 사유가 소멸하면 지체없이 열람하게 하여야 합니다.
- 저축은행 심사기준과 고객 신용도에 따라 대출여부가 결정됩니다.
- 대출금리는 금융당국 기준금리 변동 또는 신용평점과 심사결과에 따라 변경 될 수 있습니다.
- 대출금의 상환 또는 이자납입이 지연될 경우 연체 이율이 적용되며 예금 등 기타 채권과의 상계나 법적 절차 
 등으로 재산상의 불이익을 당할 수 있습니다.
- 기타 자세한 내용은 대표 전화번호 1599 - 0038로 문의해 주시기 바랍니다.
- 대출과 관련하여 대출모집인 등이 고객으로부터 어떠한 명목(수수료,컨설팅비 등)금전을 받는 것은 불법이며,
 만일 금전을 지급한 경우에는 금융감독원 등에 신고하여 피해를 구제받기 바랍니다. (금융감독원 신고센터 : 02-3145-8530)
- 가계여신 채무자인 본인의 신용상태가 개선되었다고 판단되는 경우 (취업 등 직장변동 및 승진 등으로 소득 또는 재산 
 증가 신용등급개선, 전문직자격증 취득 및 종사, 추가담보제공)에는 증빙자료를 첨부한 금리 인하요구 신청서를 
 저축은행에 제출하여 금리인하를 요구할 수 있습니다.
- 저축은행은 차주의 금리인하요구가 있을 경우 다음의 어느 하나에 해당하는지를 고려하여 수용 여부를 
 판단할 수 있습니다.
＊신용상태가 금리에 영향을 미치지 않는 상품인지
＊신용상태의 개선이 경미하여 금리 재 산정에 영향을 미치지 않는지
- 저축은행은 금리인하 요구를 받은 날부터 10영업일 이내(고객에게 자료의 보완을 요구하는 날부터 자료가 제출되는 
 날까지의 기간은 미포함)에 금리인하 요구 수용 여부 및 그 사유를 고객에게 통지합니다.
- 대출은 수입과 지출을 고려해 계획적으로!
- 계약 체결 전 상품설명서 및 약관을 확인하시기 바랍니다.
- 금소법 제19조 제1항에 따라 해당상품에 대한 충분한 사전 설명을 받을 권리가 있으며, 설명을 
 이해한 후 거래하시기 바랍니다.
- 과도한 대출은 개인신용평점 하락의 원인이 될 수 있습니다.
- 개인신용평점 하락으로 금융거래의 제약 또는 불이익이 발생할 수 있습니다.
- 연체 시 계약기한 만료 전 원리금 변제의무가 발생할 수 있습니다.
- 대출계약이 신용에 미치는 영향
- 개인(신용)정보 조회는 고객님의 개인신용평점에 영향을 주지 않습니다.
- 대출계약의 체결 사실만으로도 개인신용평점이 하락할 수 있으며, 대출계약이 변제 혹은 이에 준하는 방식으로
 거래가 종료된 경우에도 일정기간 개인신용평점의 산정에 영향을 줄 수 있습니다.
- 평균적으로 연체율이 높은 금융권역(또는 형태)의 신용공여는 여타 금융권역 또는 일반적인 형태의 신용공여보다 
 신용점수가 더 큰 폭으로 하락할 수 있습니다.
- 개인신용평점 하락 시 대출 및 신용카드 상품 등의 이용에 불이익이 발생할 수 있습니다.","App
App","저신용, 저소득 서민들의 금융지원을 위해 저축은행과 정부가 재원을 출연하여 제공하는 정책금융대출
저신용, 저소득 서민들의 금융지원을 위해 저축은행과 정부가 재원을 출연하여 제공하는 정책금융대출",,,,,,
신한저축은행,햇살론/온라인햇살론,"2,000만원",9.65%,10.09%,9.69%,9.55%,9.49%,9.46%,정보 없음,9.51%,"연 9~11%대 (변동, 기준일자 : 매월 1일)
※ 대출약정 후 12개월 단위로 금리 변동
※ 조달기준금리 : 저축은행중앙회에서 고시되는 햇살론 조달원가 기준금리에 따르며, 매월 금융감독원에서 통보하는 상한금리 이내에서 금융회사가 자율적으로 결정
※ 성실상환자 금리인하 : 연체없이 거래 시 12개월 단위로 0.3~0.6%p씩 (최대 1.8%p) 금리 인하
* 자세한 금리정보는 신한저축은행 홈페이지나 영업점에서 확인하시기 바랍니다.
연 9~11%대 (변동, 기준일자 : 매월 1일)
※ 대출약정 후 12개월 단위로 금리 변동
※ 조달기준금리 : 저축은행중앙회에서 고시되는 햇살론 조달원가 기준금리에 따르며, 매월 금융감독원에서 통보하는 상한금리 이내에서 금융회사가 자율적으로 결정
※ 성실상환자 금리인하 : 연체없이 거래 시 12개월 단위로 0.3~0.6%p씩 (최대 1.8%p) 금리 인하
* 자세한 금리정보는 신한저축은행 홈페이지나 영업점에서 확인하시기 바랍니다.",,"2,000만원까지
2,000만원까지","3년 또는 5년
3년 또는 5년","변동금리
변동금리","원금균등분할상환
원금균등분할상환","약정이율 + 3% (연 15% 이내)
약정이율 + 3% (연 15% 이내)","매월 신청 납입일에 분할상환원금과 이자 납부 : 이자 후취
매월 신청 납입일에 분할상환원금과 이자 납부 : 이자 후취","없음
없음",,,"· 연소득 3,500만원 이하인 저소득자 이거나 연소득 4,500만원 이하이면서 1개사 이상의 개인신용평가사가 산정한 개인신용평점 하위 100분의 20에 해당하는 자 (3개월 이상 근로자)
※ ‘25년 기준 NICE 749점, KCB 700점 이하
온라인햇살론 대상자 : 햇살론 직장이 대상자 중 
① 현 직장 최근 건강보험료 3개월 이상 정상 납부
② 공동인증서, 본인명의 휴대폰 보유
※ 온라인햇살론을 신청할 경우 기존 햇살론 대비 금리가 0.5%p 인하됩니다.
· 연소득 3,500만원 이하인 저소득자 이거나 연소득 4,500만원 이하이면서 1개사 이상의 개인신용평가사가 산정한 개인신용평점 하위 100분의 20에 해당하는 자 (3개월 이상 근로자)
※ ‘25년 기준 NICE 749점, KCB 700점 이하
온라인햇살론 대상자 : 햇살론 직장이 대상자 중 
① 현 직장 최근 건강보험료 3개월 이상 정상 납부
② 공동인증서, 본인명의 휴대폰 보유
※ 온라인햇살론을 신청할 경우 기존 햇살론 대비 금리가 0.5%p 인하됩니다.",,,"본인확인, 재직, 소득서류 제출
본인확인, 재직, 소득서류 제출",,,"보증요율 연 2.5% 이내
  ① 저소득(연 35백만원 이하) 청년(34세 이하) 0.5%p 인하
  ② 사회적배려대상 및 근로장려금 수급자 · 자활근로자는 연 1%p 인하
※ ①,②항목 중복인하 불가
*금융교육 또는 신용 부채관리컨설팅 이수 또는 국민취업지원제도 취업성공자 보증요율 0.1% 인하
* 사회적배려대상 : 「한부모가족지원법」 제 5조에 따른 한부모가족, 가구, 동법 제5조의2 제2항에 따른 조손가족 가구, 「다문화가족지원법」 제2조에 따른 다문화가족가구, 「북한이탈주민의 보호 및 정착지원에 관한 법률」 제2조제1호에 따른 북한이탈주민, 「장애인복지법」 제32조에 따른 등록 장애인, 「국민기초생활보장법」 제2조 제2호에 따른 국민기초생활수급자, 동법 제2조 제10호에 따른 차상위계층
보증요율 연 2.5% 이내
  ① 저소득(연 35백만원 이하) 청년(34세 이하) 0.5%p 인하
  ② 사회적배려대상 및 근로장려금 수급자 · 자활근로자는 연 1%p 인하
※ ①,②항목 중복인하 불가  
*금융교육 또는 신용 부채관리컨설팅 이수 또는 국민취업지원제도 취업성공자 보증요율 0.1% 인하
* 사회적배려대상 : 「한부모가족지원법」 제 5조에 따른 한부모가족, 가구, 동법 제5조의2 제2항에 따른 조손가족 가구, 「다문화가족지원법」 제2조에 따른 다문화가족가구, 「북한이탈주민의 보호 및 정착지원에 관한 법률」 제2조제1호에 따른 북한이탈주민, 「장애인복지법」 제32조에 따른 등록 장애인, 「국민기초생활보장법」 제2조 제2호에 따른 국민기초생활수급자, 동법 제2조 제10호에 따른 차상위계층","· 과도한 대출은 개인신용평점 하락의 원인이 될 수 있습니다.
· 신용등급 또는 개인신용평점 하락으로 금융거래의 제약 또는 불이익이 발생할 수 있습니다.
· 연체 시 계약기한 만료 전 원리금 변제의무가 발생할 수 있습니다.
· 대출한도 및 금리는 신용평점에 따라 차등 적용됩니다.
· 당사는 다수의 대출상품이 존재하며 상품별로 대상, 한도, 금리가 다릅니다. 상담과정에서 고객님께 적합한 상품을 안내해드립니다.
· 대출심사에 필요한 서류의 제출을 요구할 수 있고, 신용평점, 소득, 금융거래 상황 등 심사기준에 따라 심사결과가 달라지거나 대출이 거절될 수 있습니다.
· 본인의 재무상태 개선 또는 신용도가 상승하였다고 판단되는 경우 금리인하를 요구할 수 있습니다. 단, 차주의 신용상태와 관계없이 금리가 결정되는 대출상품(스탁론, 집단대출, 예적금담보대출 등)은 제외되며, 심사결과에 따라 대출금리가 인하되지 않을 수 있습니다.
· 일반금융소비자는 대출계약체결일 익일부터 14일 이내에 대출계약에 대한 청약을 철회할 수 있으며, 이미 공급받은 금전·재화와 그에 대한 이자 및 수수료는 반환하여야 합니다. 또한 철회권을 행사하여 효력이 발생한 이후에는 이를 취소할 수 없습니다.
· 금융회사가 판매원칙을 위반하여 금융상품 계약을 체결한 경우 계약일로부터 5년, 위법사실을 안 날로부터 1년 계약의 해지를 요구할 수 있습니다. (계약종료시 행사 불가)
· 금융소비자는 금융소비자보호법 제36조에 따른 분쟁조정 또는 소송의 수행 등 권리구제를 위한 목적으로 자료의 열람(사본의 제공 또는 청취 포함)을 요구할 수 있습니다.
· 금융소비자보호법 제19조제1항에 따라 해당 상품에 대해 충분한 사전 설명을 받을 권리가 있으며 설명을 이해한 후 거래하시기 바랍니다.
· 계약을 체결하기 전 상품설명서 및 여신거래기본약관을 확인하시기 바랍니다.
· 이 안내는 법령 및 내부통제기준에 따른 절차를 거쳐 제공됩니다.
· 상품 가입 후 불만(민원)이 있을 경우 고객센터(1644-7777) 또는 인터넷 홈페이지(www.shinhansavings.com) 로 문의하실 수 있으며 분쟁이 발생한 경우에는 금융감독원(국번없이 1332) 등에 도움을 요청하실 수 있습니다.
저축은행중앙회 심의필
2023-00893 (23.08.07~24.08.06)
준법감시인심의필 리테일
2023-01025 (23.07.31~24.07.30)
· 과도한 대출은 개인신용평점 하락의 원인이 될 수 있습니다.
· 신용등급 또는 개인신용평점 하락으로 금융거래의 제약 또는 불이익이 발생할 수 있습니다.
· 연체 시 계약기한 만료 전 원리금 변제의무가 발생할 수 있습니다.
· 대출한도 및 금리는 신용평점에 따라 차등 적용됩니다.
· 당사는 다수의 대출상품이 존재하며 상품별로 대상, 한도, 금리가 다릅니다. 상담과정에서 고객님께 적합한 상품을 안내해드립니다.
· 대출심사에 필요한 서류의 제출을 요구할 수 있고, 신용평점, 소득, 금융거래 상황 등 심사기준에 따라 심사결과가 달라지거나 대출이 거절될 수 있습니다.
· 본인의 재무상태 개선 또는 신용도가 상승하였다고 판단되는 경우 금리인하를 요구할 수 있습니다. 단, 차주의 신용상태와 관계없이 금리가 결정되는 대출상품(스탁론, 집단대출, 예적금담보대출 등)은 제외되며, 심사결과에 따라 대출금리가 인하되지 않을 수 있습니다.
· 일반금융소비자는 대출계약체결일 익일부터 14일 이내에 대출계약에 대한 청약을 철회할 수 있으며, 이미 공급받은 금전·재화와 그에 대한 이자 및 수수료는 반환하여야 합니다. 또한 철회권을 행사하여 효력이 발생한 이후에는 이를 취소할 수 없습니다.
· 금융회사가 판매원칙을 위반하여 금융상품 계약을 체결한 경우 계약일로부터 5년, 위법사실을 안 날로부터 1년 계약의 해지를 요구할 수 있습니다. (계약종료시 행사 불가)
· 금융소비자는 금융소비자보호법 제36조에 따른 분쟁조정 또는 소송의 수행 등 권리구제를 위한 목적으로 자료의 열람(사본의 제공 또는 청취 포함)을 요구할 수 있습니다.
· 금융소비자보호법 제19조제1항에 따라 해당 상품에 대해 충분한 사전 설명을 받을 권리가 있으며 설명을 이해한 후 거래하시기 바랍니다.
· 계약을 체결하기 전 상품설명서 및 여신거래기본약관을 확인하시기 바랍니다.
· 이 안내는 법령 및 내부통제기준에 따른 절차를 거쳐 제공됩니다.
· 상품 가입 후 불만(민원)이 있을 경우 고객센터(1644-7777) 또는 인터넷 홈페이지(www.shinhansavings.com) 로 문의하실 수 있으며 분쟁이 발생한 경우에는 금융감독원(국번없이 1332) 등에 도움을 요청하실 수 있습니다.

저축은행중앙회 심의필
2023-00893 (23.08.07~24.08.06)
준법감시인심의필 리테일
2023-01025 (23.07.31~24.07.30)",,"저신용, 저소득 서민들의 금융지원을 위해 저축은행과 정부가 재원을 출연하여 제공하는 정책금융대출
저신용, 저소득 서민들의 금융지원을 위해 저축은행과 정부가 재원을 출연하여 제공하는 정책금융대출",,,,,"뱅크샐러드 마이데이터 최근 12개월 자료 집계 기준
뱅크샐러드 마이데이터 최근 12개월 자료 집계 기준",
KB저축은행,온라인햇살론,"2,000만원",9.75%,9.78%,9.68%,9.65%,9.63%,9.62%,9.61%,9.63%,"• 최저 연 9%~최고 연 10% (신용도에 따라 차등 적용)(2025년 1월 1일 기준)
• 산출기준 : 기준금리 + 가산금리
• 기준금리 : 금융감독원에서 매달 고지하는 저축은행 1년 정기예탁금 가중평균금리
* 가산금리 : 고객 신용평점 등에 따라 차등 적용
• 최저 연 9%~최고 연 10% (신용도에 따라 차등 적용)(2025년 1월 1일 기준)
• 산출기준 : 기준금리 + 가산금리
• 기준금리 : 금융감독원에서 매달 고지하는 저축은행 1년 정기예탁금 가중평균금리
* 가산금리 : 고객 신용평점 등에 따라 차등 적용",,"• 최대 2,000만원
• 최대 2,000만원","• 3년 또는 5년
• 3년 또는 5년","• 변동금리 (3,6,12개월 단위 선택 가능) 적용 (2024년 2월 1일 기준)
• 변동금리 (3,6,12개월 단위 선택 가능) 적용 (2024년 2월 1일 기준)","• 원금균등분할상환
• 원금균등분할상환","• 약정대출금리 + 연체가산이율(3%)
※ 연체이자율 상한 : 연 20% 이내
• 약정대출금리 + 연체가산이율(3%)
※ 연체이자율 상한 : 연 20% 이내","• 매월 후취
• 매월 후취","• 없음
• 없음",,,"• 3개월 이상 계속 근로중인 근로자
• 연소득 4,500만원 이하이면서 1개사 이상의 CSS개인신용평점이 하위 20/100인 고객
  (단, 연소득이 3,500만원 이하인 경우 신용도와 무관하게 가능)
• 소득증빙이 가능한 19세 이상 내국인
• 3개월 이상 계속 근로중인 근로자
• 연소득 4,500만원 이하이면서 1개사 이상의 CSS개인신용평점이 하위 20/100인 고객
  (단, 연소득이 3,500만원 이하인 경우 신용도와 무관하게 가능)
• 소득증빙이 가능한 19세 이상 내국인",,,"• (온라인) 햇살론 본인 및 소득확인
- 신분증, 공동인증서, 국민건강보험공단 자격득실확인서, 보험료 납부확인서
- 온라인햇살론으로 진행 시 방문 자서 및 서류제출이 생략됩니다.
* 공동인증서를 통한 자동제출
• (온라인) 햇살론 본인 및 소득확인
- 신분증, 공동인증서, 국민건강보험공단 자격득실확인서, 보험료 납부확인서
- 온라인햇살론으로 진행 시 방문 자서 및 서류제출이 생략됩니다.
* 공동인증서를 통한 자동제출",,,"보증여부
• 보증기관의 신용보증서
보증료
• 보증료 : 보증금액의 연 2.5%(사회적배려대상자의 경우 연 1.5%)(대출 취급시 수취)
• 대출모집인은 별도의 수수료를 요구하거나 수취할 수 없으며, 대출 모집인 수수료율은 KB저축은행 홈페이지(http://www.kbsavings.com) ‘대출가이드’ 화면에서 확인할 수 있습니다.
인지세
• 없음
보증여부
• 보증기관의 신용보증서
보증료
• 보증료 : 보증금액의 연 2.5%(사회적배려대상자의 경우 연 1.5%)(대출 취급시 수취)
• 대출모집인은 별도의 수수료를 요구하거나 수취할 수 없으며, 대출 모집인 수수료율은 KB저축은행 홈페이지(http://www.kbsavings.com) ‘대출가이드’ 화면에서 확인할 수 있습니다.
인지세
• 없음","• 금리정보는 광고 게시 시점 기준으로 산정되었으며, 자세한 금리정보는 홈페이지 및 모바일앱(kiwibank)에서 확인이 가능합니다.
• 상품정보의 내용은 당행의 여신 및 금리정책에 따라 변경될 수 있습니다.
• 과도한 대출은 개인신용평점 하락의 원인이 될 수 있습니다.
• 개인신용평점이 하락하면 추가대출 및 만기연장 불가 등 금융거래가 제한되거나, 대출금리 상승 등 불이익이 발생할 수 있습니다.
• 연체 시 계약기한 만료 전 원리금 변제 의무가 발생할 수 있습니다
• 당행의 신용평가 결과 신용등급 또는 개인신용평점이 낮은 고객 및 신용관리대상자(신용회복지원 또는 개인회생 포함)일 경우 대출이 제한될 수 있습니다.
• 대출만기일이 경과되거나 이자를 납입하여야 할 때부터 1개월(가계주택담보대출의 경우 2개월)간 지체한 때, 분할상환원(리)금의 납입을 2회
(가계주택담보대출의 경우 3회) 이상 연속하여 지체 한 때 에는 대출잔액에 대하여 연체이자가 부과 됩니다. 
• 금리인하 요구권 : 대출계약 체결 당시와 비교하여 신용상태가 현저히 개선(신용등급 또는 개인신용평점 상승, 연소득 상승)된 경우 신청횟수, 신청시점에 관계없이 증빙자료를 금융기관에 제출하여 금리인하를 요구할 수 있습니다. 단, 고객님의 신용상태가 계약 체결시 금리 산정에 영향을 미치지 아니하거나, 신용상태 개선이 경미하여 금리 재산정에 영향을 미치지 아니한 경우, 그 밖의 심사 결과에 따라 금리인하가 되지 않을 수도 있습니다.
• 청약철회권 : 일반금융소비자는 계약체결일 등으로부터 14일 이내에 계약을 철회할 수 있습니다.
• 자료열람요구권 : 금융소비자는 분쟁조정 또는 소송의 수행 등 권리 구제를 위한 목적으로 은행이 기록 및 유지,관리하는 '계약의 체결 및 이행에 관한 자료, 금융상품에 관한 자료등'에 대한 열람을 요구할 수 있습니다.
• 위법계약해지권 : ‘금융소비자 보호에 관한 법률 제 47조' 및 관련 규정이 정하는 바에 따라 본 상품의 계약의 해지를 요구할 수 있습니다.
• 계약 체결 전 상품설명서 및 약관을 확인하시기 바랍니다.
• 해당 상품에 대해 충분한 사전 설명을 받을 권리가 있으며, 설명을 이해한 후 거래하시기 바랍니다.
• 기타 자세한 사항은 대출전용 고객센터 (☎1899-0085 운영시간: 평일 09:00~18:00)로 문의하시거나 kiwibank 앱 및 KB저축은행 홈페이지를 반드시 참조하시기 바랍니다.
• 금리정보는 광고 게시 시점 기준으로 산정되었으며, 자세한 금리정보는 홈페이지 및 모바일앱(kiwibank)에서 확인이 가능합니다.
• 상품정보의 내용은 당행의 여신 및 금리정책에 따라 변경될 수 있습니다.
• 과도한 대출은 개인신용평점 하락의 원인이 될 수 있습니다.
• 개인신용평점이 하락하면 추가대출 및 만기연장 불가 등 금융거래가 제한되거나, 대출금리 상승 등 불이익이 발생할 수 있습니다.
• 연체 시 계약기한 만료 전 원리금 변제 의무가 발생할 수 있습니다
• 당행의 신용평가 결과 신용등급 또는 개인신용평점이 낮은 고객 및 신용관리대상자(신용회복지원 또는 개인회생 포함)일 경우 대출이 제한될 수 있습니다.
• 대출만기일이 경과되거나 이자를 납입하여야 할 때부터 1개월(가계주택담보대출의 경우 2개월)간 지체한 때, 분할상환원(리)금의 납입을 2회
(가계주택담보대출의 경우 3회) 이상 연속하여 지체 한 때 에는 대출잔액에 대하여 연체이자가 부과 됩니다. 
• 금리인하 요구권 : 대출계약 체결 당시와 비교하여 신용상태가 현저히 개선(신용등급 또는 개인신용평점 상승, 연소득 상승)된 경우 신청횟수, 신청시점에 관계없이 증빙자료를 금융기관에 제출하여 금리인하를 요구할 수 있습니다. 단, 고객님의 신용상태가 계약 체결시 금리 산정에 영향을 미치지 아니하거나, 신용상태 개선이 경미하여 금리 재산정에 영향을 미치지 아니한 경우, 그 밖의 심사 결과에 따라 금리인하가 되지 않을 수도 있습니다.
• 청약철회권 : 일반금융소비자는 계약체결일 등으로부터 14일 이내에 계약을 철회할 수 있습니다.
• 자료열람요구권 : 금융소비자는 분쟁조정 또는 소송의 수행 등 권리 구제를 위한 목적으로 은행이 기록 및 유지,관리하는 '계약의 체결 및 이행에 관한 자료, 금융상품에 관한 자료등'에 대한 열람을 요구할 수 있습니다.
• 위법계약해지권 : ‘금융소비자 보호에 관한 법률 제 47조' 및 관련 규정이 정하는 바에 따라 본 상품의 계약의 해지를 요구할 수 있습니다.
• 계약 체결 전 상품설명서 및 약관을 확인하시기 바랍니다.
• 해당 상품에 대해 충분한 사전 설명을 받을 권리가 있으며, 설명을 이해한 후 거래하시기 바랍니다.
• 기타 자세한 사항은 대출전용 고객센터 (☎1899-0085 운영시간: 평일 09:00~18:00)로 문의하시거나 kiwibank 앱 및 KB저축은행 홈페이지를 반드시 참조하시기 바랍니다.",,,,,,,,
DB저축은행,햇살론,"2,000만원",9.72%,9.75%,9.85%,9.77%,9.70%,정보 없음,9.79%,9.76%,"연8% ~ 연12%
※ 산출기준 : 기준금리 + 가산금리
(가산금리 : 고객 신용평점 등에 따라 차등 적용)
※ 정부고시에 따라 매월 상한 금리 변경
※ 개인신용평점별 차등적용
※ 변동금리(12개월 단위 변동)
연8% ~ 연12%
※ 산출기준 : 기준금리 + 가산금리
(가산금리 : 고객 신용평점 등에 따라 차등 적용)
※ 정부고시에 따라 매월 상한 금리 변경
※ 개인신용평점별 차등적용
※ 변동금리(12개월 단위 변동)",,"최대 2,000만원 이내
※ 서민금융진흥원 CSS 및 소득 수준에 따라 차등 적용
최대 2,000만원 이내
※ 서민금융진흥원 CSS 및 소득 수준에 따라 차등 적용","36개월 또는 60개월
36개월 또는 60개월",,"원금균등분할상환
원금균등분할상환","차주별 대출금리 + 연 3%이내(단, 최대 20%를 초과하지 않음)
차주별 대출금리 + 연 3%이내(단, 최대 20%를 초과하지 않음)","매월 후취
매월 후취","없음
없음",,,"- 소득증빙이 가능한 만 19세 이상의 내국인
- 3개월 이상 계속 근로중인 급여소득자
- 연 소득 4,500만원 이하 & 신용평점 하위 20%
 또는 연 소득 3,500만원 이하
- 소득증빙이 가능한 만 19세 이상의 내국인
- 3개월 이상 계속 근로중인 급여소득자
- 연 소득 4,500만원 이하 & 신용평점 하위 20%
 또는 연 소득 3,500만원 이하",,,"신분증, 소득서류 등
신분증, 소득서류 등",,,"서민금융진흥원 보증료 연 2%
(연 소득 3,500만원 이하인 청년(만 34세 이하)의 경우 보증료 연 1.5%)
(단, 스크래핑을 통하여 산정된 소득에 따라 저소득청년층 우대가 불가할 수 있음)
서민금융진흥원 보증료 연 2%
(연 소득 3,500만원 이하인 청년(만 34세 이하)의 경우 보증료 연 1.5%)
(단, 스크래핑을 통하여 산정된 소득에 따라 저소득청년층 우대가 불가할 수 있음)","* 위 내용은 저축은행 여신 및 금리정책 등에 따라 변경될 수 있습니다.
* 계약 체결 전 상품설명서 및 약관을 확인하시기 바랍니다.
해당 상품에 대해 충분한 사전 설명을 받을 권리가 있으며 설명을 이해한 후 거래하시기 바랍니다.
* 과도한 대출은 개인신용평점 하락의 원인이 될 수 있습니다.
* 개인신용평점 하락으로 금융거래의 제약 또는 불이익이 발생할 수 있습니다.
* 연체 시 계약기한 만료 전 원리금 변제 의무가 발생할 수 있습니다.
* 자세한 내용은 DB저축은행 개인금융팀 (T. 1600-8292)으로 문의 바랍니다.
* 금리인하요구권 : 개인신용평점 상승 등 신용상태의 개선이 인정되는 경우 증빙자료를 첨부한 금리인하신청서를 제출하여 금리인하를 요구할 수 있습니다.
(단, 평가결과에 따라서 금리인하가 거절될 수 있습니다.)
* 청약철회권 : 대출실행일로부터 14일 이내에 대출계약철회신청이 가능합니다.
* 위 내용은 저축은행 여신 및 금리정책 등에 따라 변경될 수 있습니다.
* 계약 체결 전 상품설명서 및 약관을 확인하시기 바랍니다.
해당 상품에 대해 충분한 사전 설명을 받을 권리가 있으며 설명을 이해한 후 거래하시기 바랍니다.
* 과도한 대출은 개인신용평점 하락의 원인이 될 수 있습니다.
* 개인신용평점 하락으로 금융거래의 제약 또는 불이익이 발생할 수 있습니다.
* 연체 시 계약기한 만료 전 원리금 변제 의무가 발생할 수 있습니다.
* 자세한 내용은 DB저축은행 개인금융팀 (T. 1600-8292)으로 문의 바랍니다.
* 금리인하요구권 : 개인신용평점 상승 등 신용상태의 개선이 인정되는 경우 증빙자료를 첨부한 금리인하신청서를 제출하여 금리인하를 요구할 수 있습니다.
(단, 평가결과에 따라서 금리인하가 거절될 수 있습니다.)
* 청약철회권 : 대출실행일로부터 14일 이내에 대출계약철회신청이 가능합니다.",,"저신용, 저소득 서민들의 금융지원을 위해 저축은행과 정부가 재원을 출연하여 제공하는 정책금융대출
저신용, 저소득 서민들의 금융지원을 위해 저축은행과 정부가 재원을 출연하여 제공하는 정책금융대출","없음
없음","36개월 또는 60개월
36개월 또는 60개월",,,,
키움저축은행,햇살론,"2,000만원",정보 없음,정보 없음,10.26%,정보 없음,정보 없음,정보 없음,정보 없음,10.26%,"연 9.0% ~ 11.0% 대
연 9.0% ~ 11.0% 대",,"최대 2천만원(생계자금)
최대 2천만원(생계자금)","36개월, 60개월
36개월, 60개월","변동금리
변동금리","원금균등분할상환
원금균등분할상환","약정금리 + 3.0%(단, 법정최고금리 20% 이내)
약정금리 + 3.0%(단, 법정최고금리 20% 이내)","매월 후취
매월 후취","없음
없음",,,"근로소득자
* 최근 1년이내 3개월 이상 재직한 근로자로서 햇살론 자격기준 부합자 
* 연소득 3천5백만원 이하인 근로소득자(개인신용평점 무관)
* 연소득 4천5백만원 이하인 근로소득자(개인신용평점구간 하위 20%)
* 현 직장 최근 건강보험료 3개월 이상 정상납부
* 공동인증서, 본인명의 휴대폰 보유
근로소득자
* 최근 1년이내 3개월 이상 재직한 근로자로서 햇살론 자격기준 부합자 
* 연소득 3천5백만원 이하인 근로소득자(개인신용평점 무관)
* 연소득 4천5백만원 이하인 근로소득자(개인신용평점구간 하위 20%)
* 현 직장 최근 건강보험료 3개월 이상 정상납부
* 공동인증서, 본인명의 휴대폰 보유",,,"신분증, 재직확인서류, 소득증빙서류 등
신분증, 재직확인서류, 소득증빙서류 등",,,"보증료 : 보증금액의 연 2.0%(사회적배려대상자 및 근로장려금 수급자ㆍ자활근로자의 경우 보증금액의 연1.0%, 저소득청년(만 34세 이하, 연소득 3,500만원 이하)의 경우 보증금액의 연 1.5%)
인지비용부담: 대출금 5천만원까지 수입인지 비용 없으며, 5천만원 초과시 대출 금액별 수입인지 비용발생. 수입인지 비용은 고객 및 저축은행 각 50% 부담
보증료 : 보증금액의 연 2.0%(사회적배려대상자 및 근로장려금 수급자ㆍ자활근로자의 경우 보증금액의 연1.0%, 저소득청년(만 34세 이하, 연소득 3,500만원 이하)의 경우 보증금액의 연 1.5%)
인지비용부담: 대출금 5천만원까지 수입인지 비용 없으며, 5천만원 초과시 대출 금액별 수입인지 비용발생. 수입인지 비용은 고객 및 저축은행 각 50% 부담","* 이자율 산출기준 
ㆍ햇살론 월별 대출금리 상한선 이내 

* 보증제한대상
1. 지역신용보증재단(이하 “재단”)에 사업자 햇살론 보증잔액이 있는 자
2. 진흥원, 재단, 신용보증재단중앙회의 보증사고관계자(사고유보 포함) 또는 대위변제관계자로 규제중이거나, 진흥원 및 신용보증재단중앙회에 손실을 입힌 자
3. 한국신용정보원의 신용정보관리규약에서 정한 신용도판단정보(연체정보, 대위변제대지급정보, 부도정보, 관련인 정보, 금융질서문란정보) 또는 공공정보를 보유하고 있는 자
4. 채무자회생 및 파산에 관한 법률에 의한 회생절차, 파산절차 및 개인회생절차 개시의 신청이 있거나 그 절차가 진행중인 자
5. 신용회복위원회에 신용회복지원을 신청하였거나 그 절차가 진행중인 자
6. 금융회사의 대출금을 빈번하게 연체하고 있는 자
7. 부실자료를 제출한 자로서 보증제한기간이 경과하지 아니한 자
8. 신용상태가 극히 불량하거나 보증제한이 필요하다고 진흥원 원장이 따로 정하여 통지한 자
9. 신용회복위원회 및 한마음금융(주)와 여신거래중인 자, 단 신용회복위원회로부터 대학생청년 햇살론 보증을 받은 자에 대한 햇살론youth 보증은 허용한다.
10. 진흥원의 개인신용평가시스템에 의거 보증거절대상으로 평가된 자

* 계약체결 전 상품설명서 및 약관을 확인하시기 바랍니다.
* 해당 상품에 대한 충분한 사전 설명을 받을 권리가 있으며, 설명을 이해한 후 거래하시기 바랍니다.
* 과도한 대출은 개인신용평점 하락의 원인이 될 수 있습니다.
* 개인신용평점 하락으로 금융거래의 제약 또는 불이익이 발생할 수 있습니다.
* 대출가능여부, 한도 및 금리는 (주)키움예스저축은행 여신취급기준과 고객 신용도에 따라 결정되며, 금융기관 신용정보관리대상 및 (주)키움예스저축은행에서 정한 부적격자는 대출이 제한될 수 있습니다.
* 여신약정 당시와 비교하여 신용상태 개선 등 일정한 요건을 충족하는 경우 (주)키움예스저축은행 절차에 따라 금리인하 요구를 할 수 있습니다.(단, 차주의 신용상태와 관계없이 금리가 결정되는 대출상품 및 정책자금대출은 제외)
* 대출과 관련한 대출모집인 등의 금전 및 수수료 요구는 불법행위이오니 주의 바랍니다. 만일 금전을 지급한 경우에는 금융감독원 등에 신고하여 피해를 구제받기 바랍니다. (금융감독원신고센터 02-3145-8530)
* 대출금의 상환 또는 이자납입이 지연된 경우 연체이율이 적용되며 연체 등에 의한 신용정보 관리 대상자 등록, 예금 등 기타채권과의 상계나 법적절차 등으로 재산상의 불이익을 당하실 수 있습니다.
* 대출만기 후 미상환시 연체이율 발생, 신용정보 관리 대상자 등록, 예금 등 기타채권과의 상계나 법적절차 등으로 재산상의 불이익을 당하실 수 있습니다.
* 연체 시 계약기한 만료 전 원리금 변제의무가 발생할 수 있습니다.
* 이자율 산출기준 
ㆍ햇살론 월별 대출금리 상한선 이내 

* 보증제한대상
1. 지역신용보증재단(이하 “재단”)에 사업자 햇살론 보증잔액이 있는 자
2. 진흥원, 재단, 신용보증재단중앙회의 보증사고관계자(사고유보 포함) 또는 대위변제관계자로 규제중이거나, 진흥원 및 신용보증재단중앙회에 손실을 입힌 자
3. 한국신용정보원의 신용정보관리규약에서 정한 신용도판단정보(연체정보, 대위변제대지급정보, 부도정보, 관련인 정보, 금융질서문란정보) 또는 공공정보를 보유하고 있는 자
4. 채무자회생 및 파산에 관한 법률에 의한 회생절차, 파산절차 및 개인회생절차 개시의 신청이 있거나 그 절차가 진행중인 자
5. 신용회복위원회에 신용회복지원을 신청하였거나 그 절차가 진행중인 자
6. 금융회사의 대출금을 빈번하게 연체하고 있는 자
7. 부실자료를 제출한 자로서 보증제한기간이 경과하지 아니한 자
8. 신용상태가 극히 불량하거나 보증제한이 필요하다고 진흥원 원장이 따로 정하여 통지한 자
9. 신용회복위원회 및 한마음금융(주)와 여신거래중인 자, 단 신용회복위원회로부터 대학생청년 햇살론 보증을 받은 자에 대한 햇살론youth 보증은 허용한다.
10. 진흥원의 개인신용평가시스템에 의거 보증거절대상으로 평가된 자

* 계약체결 전 상품설명서 및 약관을 확인하시기 바랍니다.
* 해당 상품에 대한 충분한 사전 설명을 받을 권리가 있으며, 설명을 이해한 후 거래하시기 바랍니다.
* 과도한 대출은 개인신용평점 하락의 원인이 될 수 있습니다.
* 개인신용평점 하락으로 금융거래의 제약 또는 불이익이 발생할 수 있습니다.
* 대출가능여부, 한도 및 금리는 (주)키움예스저축은행 여신취급기준과 고객 신용도에 따라 결정되며, 금융기관 신용정보관리대상 및 (주)키움예스저축은행에서 정한 부적격자는 대출이 제한될 수 있습니다.
* 여신약정 당시와 비교하여 신용상태 개선 등 일정한 요건을 충족하는 경우 (주)키움예스저축은행 절차에 따라 금리인하 요구를 할 수 있습니다.(단, 차주의 신용상태와 관계없이 금리가 결정되는 대출상품 및 정책자금대출은 제외)
* 대출과 관련한 대출모집인 등의 금전 및 수수료 요구는 불법행위이오니 주의 바랍니다. 만일 금전을 지급한 경우에는 금융감독원 등에 신고하여 피해를 구제받기 바랍니다. (금융감독원신고센터 02-3145-8530)
* 대출금의 상환 또는 이자납입이 지연된 경우 연체이율이 적용되며 연체 등에 의한 신용정보 관리 대상자 등록, 예금 등 기타채권과의 상계나 법적절차 등으로 재산상의 불이익을 당하실 수 있습니다.
* 대출만기 후 미상환시 연체이율 발생, 신용정보 관리 대상자 등록, 예금 등 기타채권과의 상계나 법적절차 등으로 재산상의 불이익을 당하실 수 있습니다.
* 연체 시 계약기한 만료 전 원리금 변제의무가 발생할 수 있습니다.","온라인 및 앱
온라인 및 앱","저신용, 저소득 서민들의 금융지원을 위해 저축은행과 정부가 재원을 출연하여 제공하는 정책금융대출
저신용, 저소득 서민들의 금융지원을 위해 저축은행과 정부가 재원을 출연하여 제공하는 정책금융대출","온라인햇살론 신청 시 기존 햇살론 대비 금리 0.5%p 인하
온라인햇살론 신청 시 기존 햇살론 대비 금리 0.5%p 인하",,,,,
동원제일저축은행,직장인 햇살론,"2,000만원",10.29%,10.30%,10.29%,10.27%,10.26%,10.25%,정보 없음,10.26%,"연10%대~연11%대
대출금리=기준금리+가산금리
기준금리: 전전월 저축은행 전체 1년 만기 정기예탁금 가중평균 금리(신규취급액)
가산금리: 서민금융진흥원 신용보증 업무위탁에 관한 협약에 따른 적용금리
연10%대~연11%대
대출금리=기준금리+가산금리
기준금리: 전전월 저축은행 전체 1년 만기 정기예탁금 가중평균 금리(신규취급액)
가산금리: 서민금융진흥원 신용보증 업무위탁에 관한 협약에 따른 적용금리",,"최대 2,000만원 이내
최대 2,000만원 이내","3년 또는 5년
3년 또는 5년","생계자금: 변동금리(대출약정 기간 내에 기준금리가 변경될 경우 당해 대출금리가 변동되는 금리)
생계자금: 변동금리(대출약정 기간 내에 기준금리가 변경될 경우 당해 대출금리가 변동되는 금리)","원금균등분할상환
원금균등분할상환","대출금리 + 연 3% (연체이자율(지연배상금율)은 법정최고금리(연20.0%)를 초과하지 않습니다.)
대출금리 + 연 3% (연체이자율(지연배상금율)은 법정최고금리(연20.0%)를 초과하지 않습니다.)","매월 지정결제일과 대출 만기일
매월 지정결제일과 대출 만기일","해당사항없음
해당사항없음",,,"연간소득 4,500만원 이하의 3개월 이상 재직중인 근로자
1개사 이상의 CSS 개인신용평점 하위 20/100
연간소득 4,500만원 이하의 3개월 이상 재직중인 근로자
1개사 이상의 CSS 개인신용평점 하위 20/100",,,"신분증, 재직확인서류, 소득확인서류, 주민등록초본, 통장사본 등 (대출심사시 추가 서류가 발생 될 수 있음)
신분증, 재직확인서류, 소득확인서류, 주민등록초본, 통장사본 등 (대출심사시 추가 서류가 발생 될 수 있음)",,,"- 서민금융진흥원보증료 : 보증금액의 연2%
- 사회적배려대상자 및 근로장려금 수급자, 자활근로자의 경우 보증금액의 1%p 인하
- 저소득청년(만34세이하, 연소득 3,500만원 이하)의 경우 보증금액의 0.5%p 인하
-금융교육 또는 신용,부채관리컨설팅 이수 또는 국민취업지원제도 취업 성공자 보증요율 0.1% 인하 (사회적배려대상자와 저소득청년은 중복하여 적용되지 않음)
- 자서대행수수료 : 25,000원
- 전자약정 시 비용없음
- 서민금융진흥원보증료 : 보증금액의 연2%
- 사회적배려대상자 및 근로장려금 수급자, 자활근로자의 경우 보증금액의 1%p 인하
- 저소득청년(만34세이하, 연소득 3,500만원 이하)의 경우 보증금액의 0.5%p 인하
-금융교육 또는 신용,부채관리컨설팅 이수 또는 국민취업지원제도 취업 성공자 보증요율 0.1% 인하 (사회적배려대상자와 저소득청년은 중복하여 적용되지 않음)
- 자서대행수수료 : 25,000원
- 전자약정 시 비용없음","계약 체결 전 상품설명서 및 약관을 확인하시기 바랍니다.
해당 상품에 대해 충분한 사전 설명을 받을 권리가 있으며, 설명을 이해한 후 거래하시기 바랍니다.
대출가능여부는 저축은행 심사기준과 고객신용도에 따라 결정되며, 고객님께서 제공하신 정보를 토대로 이루어지므로 모든 항목을 정확하게 알려주시기 바랍니다.
신용등급 또는 개인신용평점 등 저축은행 대출규정에 의거 결격사유가 있는 경우 대출이 제한됩니다.
신청하신 정보가 사실과 다른 경우 대출이 불가할 수 있습니다.
금리 및 수수료를 포함하여 법정최대금리를 초과하지 않습니다.
대출금의 상환 또는 이자납입이 지연된 경우 연체이율이 적용되며, 예금 등 기타 채권과의 상계나 법적절차 등으로 재산상의 불이익을 당하실 수 있습니다.
대출만기 경과 후 미상환시 대출잔액에 대한 연체이자 납부, 연체등 금융질서문란정보등록등의 불이익을 받으실 수 있습니다.
연체 시 계약기한 만료 전 원리금 변제 의무가 발생할 수 있습니다.
과도한 대출은 개인신용평점 하락의 원인이 될 수 있습니다.
개인신용평점 하락으로 금융거래의 제약 또는 불이익이 발생할 수 있습니다.
기타 자세한 내용은 1544-8811로 문의하시거나 대출상품설명서를 참조하시기 바랍니다.
계약 체결 전 상품설명서 및 약관을 확인하시기 바랍니다.
해당 상품에 대해 충분한 사전 설명을 받을 권리가 있으며, 설명을 이해한 후 거래하시기 바랍니다.
대출가능여부는 저축은행 심사기준과 고객신용도에 따라 결정되며, 고객님께서 제공하신 정보를 토대로 이루어지므로 모든 항목을 정확하게 알려주시기 바랍니다.
신용등급 또는 개인신용평점 등 저축은행 대출규정에 의거 결격사유가 있는 경우 대출이 제한됩니다.
신청하신 정보가 사실과 다른 경우 대출이 불가할 수 있습니다.
금리 및 수수료를 포함하여 법정최대금리를 초과하지 않습니다.
대출금의 상환 또는 이자납입이 지연된 경우 연체이율이 적용되며, 예금 등 기타 채권과의 상계나 법적절차 등으로 재산상의 불이익을 당하실 수 있습니다.
대출만기 경과 후 미상환시 대출잔액에 대한 연체이자 납부, 연체등 금융질서문란정보등록등의 불이익을 받으실 수 있습니다.
연체 시 계약기한 만료 전 원리금 변제 의무가 발생할 수 있습니다.
과도한 대출은 개인신용평점 하락의 원인이 될 수 있습니다.
개인신용평점 하락으로 금융거래의 제약 또는 불이익이 발생할 수 있습니다.
기타 자세한 내용은 1544-8811로 문의하시거나 대출상품설명서를 참조하시기 바랍니다.","모바일 WEB 신청
모바일 WEB 신청","제도권금융 접근이 어려운 저소득·저신용 근로자 대상으로 정부 보증을 통해 대출이 실행되는 정책상품
제도권금융 접근이 어려운 저소득·저신용 근로자 대상으로 정부 보증을 통해 대출이 실행되는 정책상품","해당사항없음
해당사항없음",,,,,
OK저축은행,근로자햇살론,"2,000만원",정보 없음,정보 없음,10.45%,10.65%,10.15%,정보 없음,정보 없음,10.41%,"연 8% ~ 연 10%대
(매월 금융감독원 고시 금리에 따라 변동 가능)
연 8% ~ 연 10%대
(매월 금융감독원 고시 금리에 따라 변동 가능)",,"최대 2,000만원
최대 2,000만원",,,"원금균등분할 : 36개월, 60개월
원금균등분할 : 36개월, 60개월","약정금리 + 연 3% 가산(최대 연 19.99% 이내)
약정금리 + 연 3% 가산(최대 연 19.99% 이내)","매월 후취(대출해당일 또는 응당일부과)
매월 후취(대출해당일 또는 응당일부과)","면제
면제",,,"직장인(3개월 이상 재직/ 근로소득 연 4,500만원 이하&개인신용평점이 하위 100분의 20에 해당/ 근로소득 연 3,500만원 이하)
직장인(3개월 이상 재직/ 근로소득 연 4,500만원 이하&개인신용평점이 하위 100분의 20에 해당/ 근로소득 연 3,500만원 이하)",,,"공통사항 : 신분증 또는 운전면허증, 등·원초본
직장인 : 건강보험자격득실확인서, 건강·장기요양보험료 납부확인서, 소득금액증명원, 근로소득원천징수영수증, 급여통장거래내역서
농/축/임/어업인 : 농·축·수협·산림조합 조합원 확인서, 농지원부, 농업경영체등록확인서(시/군/구), 농업인확인서(국립농산물품질관리원), 축산업등록증, 축산업허가증, 가축사육신고확인서, 영어사실확인서(어촌계장 확인), 맨손어업 신고필증(시/군), 독림가 증서(시/도/산림청) 中 택1
기타소득자 : 위촉증명서, 사업소득원천징수영수증
공통사항 : 신분증 또는 운전면허증, 등·원초본
 직장인 : 건강보험자격득실확인서, 건강·장기요양보험료 납부확인서, 소득금액증명원, 근로소득원천징수영수증, 급여통장거래내역서
 농/축/임/어업인 : 농·축·수협·산림조합 조합원 확인서, 농지원부, 농업경영체등록확인서(시/군/구), 농업인확인서(국립농산물품질관리원), 축산업등록증, 축산업허가증, 가축사육신고확인서, 영어사실확인서(어촌계장 확인), 맨손어업 신고필증(시/군), 독림가 증서(시/도/산림청) 中 택1
 기타소득자 : 위촉증명서, 사업소득원천징수영수증",,,,,"모바일,인터넷,영업점","제도권금융 접근이 어려운 저소득·저신용 근로자 대상으로 정부 보증을 통해 대출이 실행되는 정책상품
제도권금융 접근이 어려운 저소득·저신용 근로자 대상으로 정부 보증을 통해 대출이 실행되는 정책상품",,,,,,
광주은행,KJB햇살론뱅크,"2,500만원",11.47%,10.80%,11.66%,11.36%,10.30%,8.96%,7.84%,10.42%,"최저 연 7.50% ~ 최고 연 11.62% (2023.12.06. 기준)
최저 연 7.50% ~ 최고 연 11.62% (2023.12.06. 기준)",,"최저 5백만원 ~ 최고 25백만원
▷서금원 자체보증 CSS등급 및 신용·부채 개선도 등에 따라 차등 적용됨
▷햇살론뱅크 및 서민금융진흥원 타상품 기보증 대출금액을 차감하여 산출됨
최저 5백만원 ~ 최고 25백만원
▷서금원 자체보증 CSS등급 및 신용·부채 개선도 등에 따라 차등 적용됨
▷햇살론뱅크 및 서민금융진흥원 타상품 기보증 대출금액을 차감하여 산출됨","3년 또는 5년
3년 또는 5년","MOR 고정형
MOR 고정형","원리금균등분할상환
▷ 거치기간 : 대출기간 이내에서 1년 부여 가능(1년만 가능, 3개월 6개월 등 불가)
※ 대출기간 가능 CASE : 3년 분할, 1년 거치+2년 분할, 5년 분할, 1년 거치 4년 분할
원리금균등분할상환
▷ 거치기간 : 대출기간 이내에서 1년 부여 가능(1년만 가능, 3개월 6개월 등 불가)
※ 대출기간 가능 CASE : 3년 분할, 1년 거치+2년 분할, 5년 분할, 1년 거치 4년 분할","연체이자율 : 최고 연15%(차주별 대출이자율+연체가산이자율)
- 연체가산 이자율은 연3%를 적용합니다.
- 자세한 내용은‘은행여신거래기본약관’참고
연체이자율 : 최고 연15%(차주별 대출이자율+연체가산이자율)
- 연체가산 이자율은 연3%를 적용합니다.
- 자세한 내용은‘은행여신거래기본약관’참고","이자는 매월 후취 또는 후취방식 징구를 원칙으로 하고 1개월 이내의 기간 단위로 징수합니다. 
이자의 계산단위는 원단위로 하고 산출한 이자액의 원 미만은 절사됩니다.
일수계산은 원금의 경우 대출 취급일로부터 기일 또는 상환일(일부상환 및 분할상환 포함)전일까지, 이자의 경우 대출 취급일(또는 최종 이자수입일)로부터 이자납입일 전일까지로 합니다.
단, 다음의 여신은 여신 취급일 당일부터 여신 만기일 또는 상환일까지로 합니다.
1. 대출 당일에 회수되는 대출금
2. 연체기간이 1일인 연체대출채권
이자는 매월 후취 또는 후취방식 징구를 원칙으로 하고 1개월 이내의 기간 단위로 징수합니다. 
이자의 계산단위는 원단위로 하고 산출한 이자액의 원 미만은 절사됩니다.
일수계산은 원금의 경우 대출 취급일로부터 기일 또는 상환일(일부상환 및 분할상환 포함)전일까지, 이자의 경우 대출 취급일(또는 최종 이자수입일)로부터 이자납입일 전일까지로 합니다.
단, 다음의 여신은 여신 취급일 당일부터 여신 만기일 또는 상환일까지로 합니다.
1. 대출 당일에 회수되는 대출금
2. 연체기간이 1일인 연체대출채권","면제
면제",,,"서민금융진흥원 보증서 발급이 가능한 고객
서민금융진흥원 보증서 발급이 가능한 고객",,,,,,"▷ 중도상환수수료 : 면제
▷ 보증료 : 보증잔액의 2%(금리에 포함되어 징구, 별도부담 없음)
▷ 중도상환수수료 : 면제
▷ 보증료 : 보증잔액의 2%(금리에 포함되어 징구, 별도부담 없음)","▪대출금리는 ‘기준금리 + 가산금리 – 우대금리 ’이며, 보증료를 포함하여 징구합니다. 교육세(최종금리의 0.50%)는 별도 적용됩니다. 기준금리는 MOR고정형 기준이며, 가산금리는 당행 자체 신용등급 또는 개인신용평점 등에 따라 차등적용 됩니다.
▪우대금리 : 우대금리 최고 연 0.99%p 이내에서 금리우대(보증료에서 인하)
▪우대금리 항목 :
▶사회적배려 대상자 택 1 (0.9%), 금융교육·컨설팅이수자 (0.09%), 저소득 청년 (0.45%)
사회적배려 대상자 - 한부모가족, 조손가족, 다문화가족, 북한이탈주민, 등록장애인, 국민기초생활수급자, 국민기초생활수급자, 차상위계층, 근로장려금 수급자, 자활근로자 금융교육·컨설팅이수자 - 보증신청 시점에 서민금융진흥원의 금융관리교육 또는 신용·부채관리컨설팅을 이수한 사실이 확인된 자
저소득 청년 - 만 34세 이하이면서 연소득 35백만원 이하인 자
▪대출 계약 체결 전 상품설명서 및 약관을 반드시 읽어보시기 바랍니다.
▪금융소비자 보호법 제19조 제1항에 따라 상품에 대하여 설명을 받으실 권리가 있습니다.
▪상환능력에 비해 대출금이 과도할 경우 개인신용평점이 하락할 수 있습니다.
▪개인신용평점 하락으로 금융거래와 관련된 불이익이 발생할 수 있습니다.
▪일정 기간 납부해야 할 원리금이 연체될 경우 계약만료 기간이 도래하기 전에 모든 원리금을 변제해야 할 의무가 발생할 수 있습니다.
▪금융기관 신용관리대상 고객 등 당행 및 보증기관에서 정한 대출 부적격자에 대하여는 대출이 제한될 수 있습니
다.
▪이자 및 원리금 납입 또는 대출금 상환 지연 시 지연배상금률(약정금리 + 3%, 최고 연 15%)이 발생하며 채무자의 재산/신용상의 불이익(기한이익상실 등)이 발생할 수 있으니 주의하시기 바랍니다.
▪본 상품은 대출계약철회권 신청이 가능합니다. 계약서류 수령일, 대출계약 체결일, 대출금 수령일 중 나중에 발생 한 날로부터 14일(기간의 말일이 휴일인 경우 다음 영업일)까지 은행에 서면, 전자우편, 휴대전화 문자메시지 또는 이에 준하는 전자적 의사표시의 방법으로 철회의사를 표시하고 원금, 이자 및 부대비용 전액을 반환한 경우 대출 계약을 철회할 수 있습니다. 당행에 최근 1개월 내에 2회 이상 대출계약을 철회하는 경우, 신규대출·만기연장 거절, 대출한도 축소, 금리우대 제한 등의 불이익이 발생할 수 있습니다.
▪위법계약해지권 : 금융소비자는 은행이 적합성의 원칙, 적정성의 원칙, 설명의무, 부당권유행위 및 불공정영업행
위 금지를 위반(이하 “법 위반”)하여 여신상품 계약을 체결한 경우 법 위반사실을 안 날부터 1년 또는 계약서류를
받은 날(계약서류가 제공되지 않은 경우 계약체결일, 대출실행일이 계약서 받은 날 또는 계약체결일보다 늦은 경
우 대출실행일)로부터 5년 중 먼저 도달한 날까지 서면등으로 해당계약의 해지를 요구 할 수 있습니다. 은행은 해지를 요구받은 날부터 10일 이내에 고객에게 수락여부를 통지하며, 거절할 때에는 그 사유를 함께 통지합니다.
▪금리인하요구권 : 신용상태에 현저한 변동이 있는 경우(직위상승 또는 직장변동에 따른 연소득증가, 신용등급 또
는 개인신용평점의 상승, 순자산증가 등)에는 증빙자료를 첨부한 금리인하신청서를 은행에 제출, 금리변경을 요구 할 수 있습니다. 단, 은행의 내부정책 및 CSS(개인신용평가시스템)평가결과 등에 따라서 금리인하가 되지 않을 수 도 있습니다.
▪기타 자세한 내용은 고객센터(☎1600-4000) 또는 영업점으로 문의하시기 바랍니다.
▪위 내용은 상품에 대한 이해를 돕고 약관의 중요내용을 알려드리기 위한 참고 자료이며, 실제 상품의 계약은 대출 거래약정서, 여신거래기본약관 등의 적용을 받습니다.
▪대출금리는 ‘기준금리 + 가산금리 – 우대금리 ’이며, 보증료를 포함하여 징구합니다. 교육세(최종금리의 0.50%)는 별도 적용됩니다. 기준금리는 MOR고정형 기준이며, 가산금리는 당행 자체 신용등급 또는 개인신용평점 등에 따라 차등적용 됩니다.
▪우대금리 : 우대금리 최고 연 0.99%p 이내에서 금리우대(보증료에서 인하)
▪우대금리 항목 :
▶사회적배려 대상자 택 1 (0.9%), 금융교육·컨설팅이수자 (0.09%), 저소득 청년 (0.45%)
사회적배려 대상자 - 한부모가족, 조손가족, 다문화가족, 북한이탈주민, 등록장애인, 국민기초생활수급자, 국민기초생활수급자, 차상위계층, 근로장려금 수급자, 자활근로자 금융교육·컨설팅이수자 - 보증신청 시점에 서민금융진흥원의 금융관리교육 또는 신용·부채관리컨설팅을 이수한 사실이 확인된 자
저소득 청년 - 만 34세 이하이면서 연소득 35백만원 이하인 자
▪대출 계약 체결 전 상품설명서 및 약관을 반드시 읽어보시기 바랍니다.
▪금융소비자 보호법 제19조 제1항에 따라 상품에 대하여 설명을 받으실 권리가 있습니다.
▪상환능력에 비해 대출금이 과도할 경우 개인신용평점이 하락할 수 있습니다.
▪개인신용평점 하락으로 금융거래와 관련된 불이익이 발생할 수 있습니다.
▪일정 기간 납부해야 할 원리금이 연체될 경우 계약만료 기간이 도래하기 전에 모든 원리금을 변제해야 할 의무가 발생할 수 있습니다.
▪금융기관 신용관리대상 고객 등 당행 및 보증기관에서 정한 대출 부적격자에 대하여는 대출이 제한될 수 있습니
다.
▪이자 및 원리금 납입 또는 대출금 상환 지연 시 지연배상금률(약정금리 + 3%, 최고 연 15%)이 발생하며 채무자의 재산/신용상의 불이익(기한이익상실 등)이 발생할 수 있으니 주의하시기 바랍니다.
▪본 상품은 대출계약철회권 신청이 가능합니다. 계약서류 수령일, 대출계약 체결일, 대출금 수령일 중 나중에 발생 한 날로부터 14일(기간의 말일이 휴일인 경우 다음 영업일)까지 은행에 서면, 전자우편, 휴대전화 문자메시지 또는 이에 준하는 전자적 의사표시의 방법으로 철회의사를 표시하고 원금, 이자 및 부대비용 전액을 반환한 경우 대출 계약을 철회할 수 있습니다. 당행에 최근 1개월 내에 2회 이상 대출계약을 철회하는 경우, 신규대출·만기연장 거절, 대출한도 축소, 금리우대 제한 등의 불이익이 발생할 수 있습니다.
▪위법계약해지권 : 금융소비자는 은행이 적합성의 원칙, 적정성의 원칙, 설명의무, 부당권유행위 및 불공정영업행
위 금지를 위반(이하 “법 위반”)하여 여신상품 계약을 체결한 경우 법 위반사실을 안 날부터 1년 또는 계약서류를
받은 날(계약서류가 제공되지 않은 경우 계약체결일, 대출실행일이 계약서 받은 날 또는 계약체결일보다 늦은 경
우 대출실행일)로부터 5년 중 먼저 도달한 날까지 서면등으로 해당계약의 해지를 요구 할 수 있습니다. 은행은 해지를 요구받은 날부터 10일 이내에 고객에게 수락여부를 통지하며, 거절할 때에는 그 사유를 함께 통지합니다.
▪금리인하요구권 : 신용상태에 현저한 변동이 있는 경우(직위상승 또는 직장변동에 따른 연소득증가, 신용등급 또
는 개인신용평점의 상승, 순자산증가 등)에는 증빙자료를 첨부한 금리인하신청서를 은행에 제출, 금리변경을 요구 할 수 있습니다. 단, 은행의 내부정책 및 CSS(개인신용평가시스템)평가결과 등에 따라서 금리인하가 되지 않을 수 도 있습니다.
▪기타 자세한 내용은 고객센터(☎1600-4000) 또는 영업점으로 문의하시기 바랍니다.
▪위 내용은 상품에 대한 이해를 돕고 약관의 중요내용을 알려드리기 위한 참고 자료이며, 실제 상품의 계약은 대출 거래약정서, 여신거래기본약관 등의 적용을 받습니다.",,"다양한 정부지원 대출을 성실상환한 고객에게 더 낮은 금리 혜택을 제공하는 1금융권 정부지원 대출
다양한 정부지원 대출을 성실상환한 고객에게 더 낮은 금리 혜택을 제공하는 1금융권 정부지원 대출",,,,,,
모아저축은행,햇살론,"5,000만원",정보 없음,10.30%,정보 없음,10.64%,정보 없음,정보 없음,정보 없음,10.47%,"근로자 : 최저 7.70% ~ 최고 9.37%(생계자금 1년 변동금리)
자영업자 : 최저 7.70% ~ 최고 8.39%(1년 변동금리, 대환자금 고정금리)
개인신용평점 및 소득에 따라 차등 적용
2022년 04월 기준
근로자 : 최저 7.70% ~ 최고 9.37%(생계자금 1년 변동금리)
자영업자 : 최저 7.70% ~ 최고 8.39%(1년 변동금리, 대환자금 고정금리)
개인신용평점 및 소득에 따라 차등 적용
2022년 04월 기준",,"생계자금 : 최대 1,500만원
사업자운영자금 : 최대 2,000만원
창업자금 : 최대 5,000만원
대환자금 : 최대 3,000만원
* 개인신용평점에 따라 대출가능 한도 차등 적용
3개월 이상 계속 근무 중인 근로자
현재 사업을 영위하고 있는 자영업자
정부, 공공기관의 창업교육을 이수한 신규 창업자
3개월 이상 연체 없이 거래중인 대부업체, 카드론 등 고금리 신용대출상품 대환자금
생계자금 : 최대 1,500만원
3개월 이상 계속 근무 중인 근로자
 사업자운영자금 : 최대 2,000만원
현재 사업을 영위하고 있는 자영업자
 창업자금 : 최대 5,000만원
정부, 공공기관의 창업교육을 이수한 신규 창업자
 대환자금 : 최대 3,000만원
3개월 이상 연체 없이 거래중인 대부업체, 카드론 등 고금리 신용대출상품 대환자금
 * 개인신용평점에 따라 대출가능 한도 차등 적용",,"근로자 : 생계자금 1년 변동금리
자영업자 : 1년 변동금리, 대환자금 고정금리
근로자 : 생계자금 1년 변동금리
 자영업자 : 1년 변동금리, 대환자금 고정금리","원금균등분할상환 : 36개월, 60개월
원금균등분할상환 : 36개월, 60개월","대출금리 + 3%
최고 20% 이내(법정최고금리 이내)
대출금리 + 3%
최고 20% 이내(법정최고금리 이내)","매월 후취
매월 후취","면제
면제",,,"소득증빙이 가능한 만 19세 이상 고객
3개월 이상 재직 또는 영업 중인 개인사업자
연 소득 3,500만원 이하
연 소득 4,500만원 이하이며 개인신용평점 하위 100분의 20에 해당되는 자
소득증빙이 가능한 만 19세 이상 고객
3개월 이상 재직 또는 영업 중인 개인사업자
연 소득 3,500만원 이하
연 소득 4,500만원 이하이며 개인신용평점 하위 100분의 20에 해당되는 자",,,,,,,,영업점,"저신용, 저소득 서민들의 금융지원을 위해 저축은행과 정부가 재원을 출연하여 제공하는 정책금융대출
저신용, 저소득 서민들의 금융지원을 위해 저축은행과 정부가 재원을 출연하여 제공하는 정책금융대출",,,,,,
키움yes저축은행,햇살론(근로자),"2,000만원",정보 없음,정보 없음,정보 없음,10.66%,정보 없음,정보 없음,정보 없음,10.66%,"연 8.0% ~ 10.0%대
연 8.0% ~ 10.0%대",,"최대 2,000만원 (생계자금)
최대 2,000만원 (생계자금)",,"변동금리
변동금리","원금균등분할상환 : 36개월, 60개월
원금균등분할상환 : 36개월, 60개월","약정금리 + 3%(단, 법정최고금리 20% 이내)
약정금리 + 3%(단, 법정최고금리 20% 이내)","매월 후취
매월 후취","면제
면제",,,"최근 1년이내 3개월 이상 재직한 근로자로서 햇살론 자격기준 부합자(단, 현직장 1개월이상 근로 및 소득증빙 가능한 자)
연소득 3,500만원 이하인 근로소득자(개인신용평점 무관)
연소득 4,500만원 이하인 근로소득자(개인신용평점구간 하위 20%)
최근 1년이내 3개월 이상 재직한 근로자로서 햇살론 자격기준 부합자(단, 현직장 1개월이상 근로 및 소득증빙 가능한 자)
연소득 3,500만원 이하인 근로소득자(개인신용평점 무관)
연소득 4,500만원 이하인 근로소득자(개인신용평점구간 하위 20%)",,,"본인확인서류 : 주민등록등본 등
근로확인서류 : 재직증명서, 건강보험자격득실확인서 등
소득확인서류 : 소득금액증명원, 거래내역조회표 등
대출심사 시 내용에 따라 추가서류를 요청할 수 있습니다.
공동인증서 인증으로 재직/소득정보를 확인
본인확인서류 : 주민등록등본 등
 근로확인서류 : 재직증명서, 건강보험자격득실확인서 등
 소득확인서류 : 소득금액증명원, 거래내역조회표 등
 대출심사 시 내용에 따라 추가서류를 요청할 수 있습니다.
 공동인증서 인증으로 재직/소득정보를 확인",,,,,"모바일,인터넷","제도권금융 접근이 어려운 저소득·저신용 근로자 대상으로 정부 보증을 통해 대출이 실행되는 정책상품
제도권금융 접근이 어려운 저소득·저신용 근로자 대상으로 정부 보증을 통해 대출이 실행되는 정책상품",,,,,,
전북은행,햇살론뱅크,"2,500만원",정보 없음,정보 없음,정보 없음,11.52%,정보 없음,정보 없음,정보 없음,11.52%,"최저 연 6.64% ~ 최대 연 12.55% (2023.07.24 기준)
- 기준금리 : 시장기준금리(금융채AA+) 연 3.78%(3개월 변동), 연 3.84%(6개월 변동), 연 3.92%(12개월 변동)
- 가산금리 : 연 2.86% ~ 연 8.63%
- 최저 : 대출금액 2,500만원, 대출기간 5년, 신용등급 JBCR 1등급, 변동금리(3개월), 원리균등상환, 생활자금, 보증비율 90%
- 최고 : 대출금액 2,500만원, 대출기간 5년, 신용등급 JBCR 6-등급, 변동금리(12개월), 원리균등상환, 생활자금, 보증비율 90%
※ 기준금리 : 시장기준금리(금융채AA+), 3개월/6개월/12개월 변동
※ 가산금리는 우대금리, 정책감면금리가 포함되며, 제시금리는 보증료율이 포함된 금리입니다.
※ 고객 신용등급별 차등적용됩니다.
※ 서민금융진흥원 보증료율 : 연 0.9% ~ 연 2.0%(보증비율 : 90%)
※ 보증료율 인하
 - 사회적배려대상자 연 1.0%p인하 (근로장려금 수급자, 자활근로자 포함)
 - 저소득 청년 연 0.5%p 인하(단, 사회적배려대상자와 중복적용 불가)
 - 서금원 금융교육, 컨설팅이수자 연0.1%p 인하
※ 저소득청년 : 신청시점에 만 34세 이하이면서 연소득 35백만원 이하인 경우
※ 금리인하요구권 대상여부 : 대상
최저 연 6.64% ~ 최대 연 12.55% (2023.07.24 기준)
- 기준금리 : 시장기준금리(금융채AA+) 연 3.78%(3개월 변동), 연 3.84%(6개월 변동), 연 3.92%(12개월 변동)
- 가산금리 : 연 2.86% ~ 연 8.63%
- 최저 : 대출금액 2,500만원, 대출기간 5년, 신용등급 JBCR 1등급, 변동금리(3개월), 원리균등상환, 생활자금, 보증비율 90%
- 최고 : 대출금액 2,500만원, 대출기간 5년, 신용등급 JBCR 6-등급, 변동금리(12개월), 원리균등상환, 생활자금, 보증비율 90%
※ 기준금리 : 시장기준금리(금융채AA+), 3개월/6개월/12개월 변동
※ 가산금리는 우대금리, 정책감면금리가 포함되며, 제시금리는 보증료율이 포함된 금리입니다.
※ 고객 신용등급별 차등적용됩니다.
※ 서민금융진흥원 보증료율 : 연 0.9% ~ 연 2.0%(보증비율 : 90%)
※ 보증료율 인하
 - 사회적배려대상자 연 1.0%p인하 (근로장려금 수급자, 자활근로자 포함)
 - 저소득 청년 연 0.5%p 인하(단, 사회적배려대상자와 중복적용 불가)
 - 서금원 금융교육, 컨설팅이수자 연0.1%p 인하
※ 저소득청년 : 신청시점에 만 34세 이하이면서 연소득 35백만원 이하인 경우
※ 금리인하요구권 대상여부 : 대상",,"최소 500만원 ~ 최대 2,500만원 (10만원 단위)
※ 시민금융진흥원 보증CSS등급 및 신용 ㆍ 부채 개선도에 따라 차등
최소 500만원 ~ 최대 2,500만원 (10만원 단위)
※ 시민금융진흥원 보증CSS등급 및 신용 ㆍ 부채 개선도에 따라 차등","3년 또는 5년 (거치기간 포함)
※ 거치기간 : 최대 1년
3년 또는 5년 (거치기간 포함)
※ 거치기간 : 최대 1년",,"원리금균등분할상환
- 원리금균등분할상환 : 원금과 이자를 합해 매월 동일한 금액으로 갚아가는 방식
원리금균등분할상환
- 원리금균등분할상환 : 원금과 이자를 합해 매월 동일한 금액으로 갚아가는 방식","대출금리 + 3% 이내 (최대 연 15% 이내)
- 대출만기일이 경과하거나 이자를 납입하여야 할 때부터 1개월이 경과하거나, 분할상환원리금 납입을 2회 이상 연속하여 지체한 때에는 대출잔액에 대하여 지연배상금이 부과됩니다.
- 이자 및 원리금 납입 또는 대출금 상환 지연시 지연배상금률(약정이자율+3%, 최고 연 15%)이 발생합니다.
- 약정이자율이 지연배상금률보다 높을 경우 약정이자율을 적용합니다.
대출금리 + 3% 이내 (최대 연 15% 이내)
- 대출만기일이 경과하거나 이자를 납입하여야 할 때부터 1개월이 경과하거나, 분할상환원리금 납입을 2회 이상 연속하여 지체한 때에는 대출잔액에 대하여 지연배상금이 부과됩니다.
- 이자 및 원리금 납입 또는 대출금 상환 지연시 지연배상금률(약정이자율+3%, 최고 연 15%)이 발생합니다.
- 약정이자율이 지연배상금률보다 높을 경우 약정이자율을 적용합니다.","매월 이자 납입일에 후취(상환일 변경 불가)
매월 이자 납입일에 후취(상환일 변경 불가)","중도상환수수료 : 면제
중도상환수수료 : 면제","계약 해지 : 영업점 또는 인터넷뱅킹을 통한 완제 후 계약해지
계약 갱신 : 불가
계약 해지 : 영업점 또는 인터넷뱅킹을 통한 완제 후 계약해지
계약 갱신 : 불가","대출금액 X 대출금리 X 납입일수 / 365일(윤년 366일)
대출금액 X 대출금리 X 납입일수 / 365일(윤년 366일)","다음의 조건을 모두 충족하는 개인사업자 고객
- 서민금융진흥원 신용보증서 발급이 가능한 고객
- 정책서민금융상품을 6개월 이상 성실하게 상환한 이용자(현재 정상이용중이거나, 최근 3년 이내 정상완제자)
 ※ 정책서민금융상품 : 새희망홀씨, 햇살론15, 햇살론17, 햇살론Youth, 안전망대출, 안전망대출 Ⅱ, 바꿔드림론, 미소금융, 근로자햇살론, 사업자햇살론
- 당행 신용등급(결합) : 6-등급 이상인 고객
재직조건
- 급여소득자 : 재직기간 3개월 이상
- 사업소득자 : 사업영위기간 3개월 이상
- 연금소득자 : 연금수령 1회 이상(공적연금)
소득조건
- 연소득 3천5백만원 이하 또는 개인신용평점 하위 20%이면서 연소득 4천5백만원 이하
다음의 조건을 모두 충족하는 개인사업자 고객
- 서민금융진흥원 신용보증서 발급이 가능한 고객
- 정책서민금융상품을 6개월 이상 성실하게 상환한 이용자(현재 정상이용중이거나, 최근 3년 이내 정상완제자)
 ※ 정책서민금융상품 : 새희망홀씨, 햇살론15, 햇살론17, 햇살론Youth, 안전망대출, 안전망대출 Ⅱ, 바꿔드림론, 미소금융, 근로자햇살론, 사업자햇살론
- 당행 신용등급(결합) : 6-등급 이상인 고객
재직조건
- 급여소득자 : 재직기간 3개월 이상
- 사업소득자 : 사업영위기간 3개월 이상
- 연금소득자 : 연금수령 1회 이상(공적연금)
소득조건
- 연소득 3천5백만원 이하 또는 개인신용평점 하위 20%이면서 연소득 4천5백만원 이하",,,"공통서류 : 주민등록 등ㆍ초본, 후견등기사항부존재증명서
직장 및 소득 서류(대출신청일 기준 1개월 이내 발급분)
① 급여소득자 : 재직증명서, 근로소득증빙서류
② 사업소득자 : 사업자등록증, 사업소득증빙서류
③ 연금소득자 : 연금수급권자확인서, 연금수령증명서
공통서류 : 주민등록 등ㆍ초본, 후견등기사항부존재증명서
직장 및 소득 서류(대출신청일 기준 1개월 이내 발급분)
① 급여소득자 : 재직증명서, 근로소득증빙서류
② 사업소득자 : 사업자등록증, 사업소득증빙서류
③ 연금소득자 : 연금수급권자확인서, 연금수령증명서",,,"인지세 : 비과세
인지세 : 비과세","대출신청정보가 당행 기준에 충족되지 않을 경우 대출이 거절될 수 있습니다.
계약을 체결하기 전에 상품설명서 및 약관을 읽어보시기 바랍니다.
상기내용은 신청채널 및 심사결과에 따라 달라질 수 있습니다.
상환능력에 비해 대출금 사용액이 과도할 경우 개인신용평점이 하락할 수 있습니다.
개인신용평점 하락으로 금융거래와 관련된 불이익이 발생할 수 있습니다.
일정 기간 납부해야할 원리금이 연체될 경우에 계약만료 기한이 도래하기 전에 모든 원리금을 변제해야할 의무가 발생할 수 있습니다.
금융기관 신용관리대상 고객 등 당행 및 보증기관에서 정한 대출 부적격자에 대하여는 대출이 제한될 수 있습니다.
금융소비자보호법 제19조 제1항에 따라 상품에 대하여 설명을 받으실 권리가 있습니다.
법령 및 내부통제기준에 따라 작성된 자료입니다.
기타 자세한 내용은 전북은행 홈페이지(www.jbbank.co.kr) 또는 전북은행 고객센터(1588-4477)로 문의하시기 바랍니다.
대출신청정보가 당행 기준에 충족되지 않을 경우 대출이 거절될 수 있습니다.
계약을 체결하기 전에 상품설명서 및 약관을 읽어보시기 바랍니다.
상기내용은 신청채널 및 심사결과에 따라 달라질 수 있습니다.
상환능력에 비해 대출금 사용액이 과도할 경우 개인신용평점이 하락할 수 있습니다.
개인신용평점 하락으로 금융거래와 관련된 불이익이 발생할 수 있습니다.
일정 기간 납부해야할 원리금이 연체될 경우에 계약만료 기한이 도래하기 전에 모든 원리금을 변제해야할 의무가 발생할 수 있습니다.
금융기관 신용관리대상 고객 등 당행 및 보증기관에서 정한 대출 부적격자에 대하여는 대출이 제한될 수 있습니다.
금융소비자보호법 제19조 제1항에 따라 상품에 대하여 설명을 받으실 권리가 있습니다.
법령 및 내부통제기준에 따라 작성된 자료입니다.
기타 자세한 내용은 전북은행 홈페이지(www.jbbank.co.kr) 또는 전북은행 고객센터(1588-4477)로 문의하시기 바랍니다.",영업점,"다양한 정부지원 대출을 성실상환한 고객에게 더 낮은 금리 혜택을 제공하는 1금융권 정부지원 대출
다양한 정부지원 대출을 성실상환한 고객에게 더 낮은 금리 혜택을 제공하는 1금융권 정부지원 대출",,,,,,"JB 햇살론뱅크의 경우 인증서로 서류제출 시 자동심사하여 승인된 경우 직원심사 절차를 생략하고 즉시 대출을 실행할 수 있습니다.
※ 아래와 같은 경우, 자동심사가 적용되지 않을 수 있습니다.
- 서류가 정상적으로 제출되지 않은 경우
- 재직정보가 불일치하는 경우
- 기타 당행 내규에 의해 자동심사 제외 대상인 경우
JB 햇살론뱅크의 경우 인증서로 서류제출 시 자동심사하여 승인된 경우 직원심사 절차를 생략하고 즉시 대출을 실행할 수 있습니다.
※ 아래와 같은 경우, 자동심사가 적용되지 않을 수 있습니다.
- 서류가 정상적으로 제출되지 않은 경우
- 재직정보가 불일치하는 경우
- 기타 당행 내규에 의해 자동심사 제외 대상인 경우"
,,,,,,,,,,,,,,,,,,,,,,,,,,,,,,,,,,,,,
